order_id,order_date,customer_id,product_id,quantity,unit_price,discount,net_sales,channel,province,category,payment_id,payment_method,payment_status,paid_at,is_paid_sale
ORD000001,2026-01-08 17:11:00,C0158,P039,2,940.5,0.0,1881.0,Marketplace,เชียงใหม่,Notebook,PAY000001,Bank Transfer,PAID,2026-01-08 17:30:00,True
ORD000002,2026-01-12 20:13:00,C0123,P038,1,12900.0,0.1,11610.0,Mobile App,ระยอง,Smartphone,PAY000002,Bank Transfer,PAID,2026-01-12 22:58:00,True
ORD000003,2026-01-26 14:00:00,C0119,P031,3,1415.5,0.05,4034.1749999999997,Web,ขอนแก่น,Smart Home,PAY000003,PromptPay,PAID,2026-01-26 14:03:00,True
ORD000004,2026-01-18 16:18:00,C0065,P003,2,25900.0,0.0,51800.0,Mobile App,ขอนแก่น,Smartphone,PAY000004,Bank Transfer,PAID,2026-01-18 18:24:00,True
ORD000005,2026-01-08 17:43:00,C0129,P007,2,23310.0,0.05,44289.0,Mobile App,กรุงเทพมหานคร,Notebook,PAY000005,Credit Card,PAID,2026-01-08 20:03:00,True
ORD000006,2026-01-23 11:50:00,C0097,P037,2,27195.0,0.0,54390.0,Mobile App,เชียงใหม่,Smart Home,PAY000006,Bank Transfer,PAID,2026-01-23 12:37:00,True
ORD000007,2026-01-24 07:03:00,C0139,P001,1,284.05,0.0,284.05,Web,ระยอง,Notebook,PAY000007,Bank Transfer,PAID,2026-01-24 09:09:00,True
ORD000010,2026-01-07 03:12:00,C0100,P017,2,990.0,0.1,1782.0,Mobile App,กรุงเทพมหานคร,Smartphone,PAY000010,Bank Transfer,PAID,2026-01-07 04:36:00,True
ORD000011,2026-01-12 14:34:00,C0120,P028,2,313.95,0.0,627.9,Web,ขอนแก่น,Smartphone,PAY000011,Credit Card,PAID,2026-01-12 16:27:00,True
ORD000012,2026-01-08 22:35:00,C0141,P008,2,449.1,0.05,853.29,Marketplace,กรุงเทพมหานคร,Accessory,PAY000012,Bank Transfer,PAID,2026-01-08 23:43:00,True
ORD000013,2026-01-27 22:41:00,C0110,P002,2,1341.0,0.0,2682.0,Mobile App,เชียงใหม่,Smartphone,PAY000013,Bank Transfer,PAID,2026-01-28 01:23:00,True
ORD000014,2026-01-20 07:11:00,C0142,P017,4,990.0,0.0,3960.0,Marketplace,ชลบุรี,Smartphone,PAY000014,Credit Card,PAID,2026-01-20 09:42:00,True
ORD000015,2026-01-04 13:47:00,C0151,P018,2,4189.5,0.0,8379.0,Web,ชลบุรี,Smartphone,PAY000015,Bank Transfer,PAID,2026-01-04 15:28:00,True
ORD000016,2026-01-18 06:47:00,C0072,P006,1,313.95,0.0,313.95,Mobile App,เชียงใหม่,Accessory,PAY000016,Bank Transfer,PAID,2026-01-18 07:49:00,True
ORD000017,2026-01-27 00:37:00,C0048,P019,2,3591.0,0.0,7182.0,Mobile App,กรุงเทพมหานคร,Smartphone,PAY000017,Bank Transfer,PAID,2026-01-27 03:19:00,True
ORD000018,2026-01-05 02:59:00,C0037,P001,3,299.0,0.0,897.0,Marketplace,ภูเก็ต,Notebook,PAY000018,Bank Transfer,PAID,2026-01-05 03:24:00,True
ORD000019,2026-01-14 22:23:00,C0159,P019,1,4189.5,0.1,3770.55,Web,ภูเก็ต,Smartphone,PAY000019,PromptPay,PAID,2026-01-15 00:15:00,True
ORD000020,2026-01-08 21:53:00,C0115,P007,1,25900.0,0.0,25900.0,Web,ระยอง,Notebook,PAY000020,Credit Card,PAID,2026-01-08 22:34:00,True
ORD000021,2026-01-18 02:04:00,C0007,P007,1,27195.0,0.05,25835.25,Web,กรุงเทพมหานคร,Notebook,PAY000021,Bank Transfer,PAID,2026-01-18 03:13:00,True
ORD000023,2026-01-10 02:59:00,C0071,P034,1,299.0,0.1,269.1,Web,ชลบุรี,Accessory,PAY000023,Bank Transfer,FAILED,2026-01-10 03:29:00,False
ORD000024,2026-01-28 11:43:00,C0042,P033,1,13545.0,0.0,13545.0,Marketplace,ระยอง,Smart Home,PAY000024,Bank Transfer,PAID,2026-01-28 13:44:00,True
ORD000025,2026-01-07 13:04:00,C0079,P011,1,25900.0,0.0,25900.0,Web,ภูเก็ต,Accessory,PAY000025,Credit Card,PAID,2026-01-07 15:39:00,True
ORD000026,2026-01-04 19:15:00,C0107,P008,1,499.0,0.0,499.0,Mobile App,ระยอง,Accessory,PAY000026,Credit Card,PAID,2026-01-04 20:27:00,True
ORD000027,2026-01-23 14:12:00,C0143,P019,2,3790.5,0.1,6822.900000000001,Web,เชียงใหม่,Smartphone,PAY000027,Credit Card,PAID,2026-01-23 15:21:00,True
ORD000028,2026-01-08 05:59:00,C0139,P013,4,523.95,0.0,2095.8,Mobile App,ระยอง,Smart Home,PAY000028,Credit Card,PAID,2026-01-08 08:06:00,True
ORD000030,2026-01-10 12:26:00,C0003,P006,1,299.0,0.05,284.05,Mobile App,ขอนแก่น,Accessory,PAY000030,PromptPay,PAID,2026-01-10 14:50:00,True
ORD000031,2026-01-16 18:33:00,C0087,P027,1,24605.0,0.0,24605.0,Web,กรุงเทพมหานคร,Smartphone,PAY000031,PromptPay,PAID,2026-01-16 18:52:00,True
ORD000032,2026-01-01 14:52:00,C0085,P035,1,25900.0,0.0,25900.0,Mobile App,กรุงเทพมหานคร,Accessory,PAY000032,Bank Transfer,PAID,2026-01-01 17:21:00,True
ORD000034,2026-01-24 06:21:00,C0044,P005,1,313.95,0.0,313.95,Web,กรุงเทพมหานคร,Smartphone,PAY000034,PromptPay,PAID,2026-01-24 06:44:00,True
ORD000035,2026-01-16 21:39:00,C0045,P033,3,12900.0,0.0,38700.0,Marketplace,เชียงใหม่,Smart Home,PAY000035,PromptPay,PAID,2026-01-17 00:12:00,True
ORD000036,2026-01-21 10:30:00,C0043,P005,1,299.0,0.0,299.0,Mobile App,ระยอง,Smartphone,PAY000036,Credit Card,PAID,2026-01-21 13:28:00,True
ORD000037,2026-01-20 00:56:00,C0108,P017,4,990.0,0.0,3960.0,Web,เชียงใหม่,Smartphone,PAY000037,PromptPay,PAID,2026-01-20 03:11:00,True
ORD000038,2026-01-18 01:57:00,C0008,P009,1,284.05,0.05,269.8475,Mobile App,ขอนแก่น,Notebook,PAY000038,PromptPay,PAID,2026-01-18 03:21:00,True
ORD000039,2026-01-28 20:23:00,C0126,P004,2,1415.5,0.0,2831.0,Marketplace,เชียงใหม่,Smart Home,PAY000039,PromptPay,PAID,2026-01-28 20:25:00,True
ORD000040,2026-01-15 23:19:00,C0086,P021,1,23310.0,0.0,23310.0,Marketplace,กรุงเทพมหานคร,Smart Home,PAY000040,PromptPay,PAID,2026-01-16 00:12:00,True
ORD000041,2026-01-11 12:38:00,C0008,P034,2,284.05,0.0,568.1,Web,ขอนแก่น,Accessory,PAY000041,Credit Card,PAID,2026-01-11 14:36:00,True
ORD000042,2026-01-21 15:59:00,C0114,P032,1,25900.0,0.0,25900.0,Marketplace,เชียงใหม่,Notebook,PAY000042,Credit Card,PAID,2026-01-21 17:17:00,True
ORD000043,2026-01-03 08:15:00,C0006,P018,1,3790.5,0.05,3600.975,Web,ระยอง,Smartphone,PAY000043,Bank Transfer,PAID,2026-01-03 09:31:00,True
ORD000045,2026-01-16 19:17:00,C0068,P019,3,3990.0,0.0,11970.0,Marketplace,ขอนแก่น,Smartphone,PAY000045,Bank Transfer,PAID,2026-01-16 19:47:00,True
ORD000046,2026-01-21 21:21:00,C0097,P026,2,12900.0,0.1,23220.0,Mobile App,เชียงใหม่,Smart Home,PAY000046,Bank Transfer,PAID,2026-01-21 22:17:00,True
ORD000047,2026-01-01 07:56:00,C0100,P038,4,11610.0,0.0,46440.0,Web,กรุงเทพมหานคร,Smartphone,PAY000047,PromptPay,PAID,2026-01-01 09:44:00,True
ORD000048,2026-01-13 07:59:00,C0040,P038,2,12900.0,0.0,25800.0,Marketplace,กรุงเทพมหานคร,Smartphone,PAY000048,PromptPay,PAID,2026-01-13 09:30:00,True
ORD000049,2026-01-18 00:12:00,C0059,P019,1,3990.0,0.05,3790.5,Mobile App,ระยอง,Smartphone,PAY000049,PromptPay,PAID,2026-01-18 01:04:00,True
ORD000050,2026-01-09 02:38:00,C0067,P006,1,313.95,0.0,313.95,Web,ชลบุรี,Accessory,PAY000050,Bank Transfer,PAID,2026-01-09 04:32:00,True
ORD000051,2026-01-24 03:14:00,C0035,P039,4,990.0,0.0,3960.0,Marketplace,ชลบุรี,Notebook,PAY000051,Credit Card,PAID,2026-01-24 04:27:00,True
ORD000052,2026-01-18 11:03:00,C0079,P035,1,23310.0,0.0,23310.0,Mobile App,ภูเก็ต,Accessory,PAY000052,Credit Card,PAID,2026-01-18 12:24:00,True
ORD000053,2026-01-16 20:25:00,C0113,P019,4,3990.0,0.05,15162.0,Marketplace,ระยอง,Smartphone,PAY000053,Credit Card,PAID,2026-01-16 22:54:00,True
ORD000054,2026-01-01 18:10:00,C0046,P035,1,25900.0,0.1,23310.0,Marketplace,ชลบุรี,Accessory,PAY000054,Bank Transfer,PAID,2026-01-01 19:13:00,True
ORD000055,2026-01-07 14:06:00,C0132,P027,2,23310.0,0.0,46620.0,Marketplace,ชลบุรี,Smartphone,PAY000055,Credit Card,PAID,2026-01-07 16:03:00,True
ORD000056,2026-01-07 05:17:00,C0083,P017,1,990.0,0.0,990.0,Web,ขอนแก่น,Smartphone,PAY000056,Bank Transfer,PAID,2026-01-07 07:02:00,True
ORD000057,2026-01-20 22:46:00,C0054,P039,2,990.0,0.0,1980.0,Marketplace,กรุงเทพมหานคร,Notebook,PAY000057,Bank Transfer,PAID,2026-01-20 23:31:00,True
ORD000058,2026-01-16 05:55:00,C0096,P038,2,13545.0,0.05,25735.5,Mobile App,กรุงเทพมหานคร,Smartphone,PAY000058,PromptPay,PAID,2026-01-16 07:21:00,True
ORD000059,2026-01-22 06:56:00,C0038,P005,1,284.05,0.0,284.05,Mobile App,ชลบุรี,Smartphone,PAY000059,Bank Transfer,PAID,2026-01-22 07:08:00,True
ORD000060,2026-01-15 09:26:00,C0057,P005,1,299.0,0.1,269.1,Mobile App,เชียงใหม่,Smartphone,PAY000060,Credit Card,PAID,2026-01-15 12:01:00,True
ORD000061,2026-01-08 12:44:00,C0102,P023,2,313.95,0.1,565.11,Mobile App,ระยอง,Accessory,PAY000061,Bank Transfer,PAID,2026-01-08 12:47:00,True
ORD000062,2026-01-09 13:10:00,C0036,P020,3,499.0,0.0,1497.0,Marketplace,กรุงเทพมหานคร,Smart Home,PAY000062,PromptPay,PAID,2026-01-09 15:05:00,True
ORD000063,2026-01-08 01:20:00,C0034,P025,3,27195.0,0.0,81585.0,Marketplace,ภูเก็ต,Accessory,PAY000063,Credit Card,PAID,2026-01-08 04:07:00,True
ORD000064,2026-01-07 21:17:00,C0152,P014,1,1039.5,0.1,935.5500000000001,Web,ชลบุรี,Notebook,PAY000064,Credit Card,PAID,2026-01-07 21:33:00,True
ORD000065,2026-01-20 12:44:00,C0160,P031,3,1490.0,0.0,4470.0,Web,กรุงเทพมหานคร,Smart Home,PAY000065,Bank Transfer,PAID,2026-01-20 15:03:00,True
ORD000067,2026-01-11 23:34:00,C0125,P035,1,25900.0,0.0,25900.0,Mobile App,เชียงใหม่,Accessory,PAY000067,Credit Card,PAID,2026-01-12 02:25:00,True
ORD000068,2026-01-15 21:59:00,C0052,P039,1,940.5,0.05,893.4749999999999,Mobile App,ระยอง,Notebook,PAY000068,PromptPay,PAID,2026-01-16 00:21:00,True
ORD000069,2026-01-09 12:18:00,C0081,P039,1,1039.5,0.0,1039.5,Web,ขอนแก่น,Notebook,PAY000069,Credit Card,PAID,2026-01-09 14:32:00,True
ORD000070,2026-01-28 09:39:00,C0069,P014,4,1039.5,0.0,4158.0,Marketplace,กรุงเทพมหานคร,Notebook,PAY000070,Bank Transfer,PAID,2026-01-28 12:02:00,True
ORD000071,2026-01-01 22:56:00,C0021,P008,1,523.95,0.0,523.95,Web,เชียงใหม่,Accessory,PAY000071,Credit Card,PAID,2026-01-02 00:10:00,True
ORD000072,2026-01-24 22:09:00,C0028,P032,4,23310.0,0.05,88578.0,Mobile App,ขอนแก่น,Notebook,PAY000072,Credit Card,PAID,2026-01-24 22:55:00,True
ORD000073,2026-01-13 05:31:00,C0009,P022,1,474.05,0.0,474.05,Web,ภูเก็ต,Accessory,PAY000073,Credit Card,PAID,2026-01-13 07:28:00,True
ORD000074,2026-01-17 10:33:00,C0110,P031,4,1490.0,0.0,5960.0,Marketplace,เชียงใหม่,Smart Home,PAY000074,Credit Card,PAID,2026-01-17 11:45:00,True
ORD000075,2026-01-22 08:13:00,C0039,P007,2,24605.0,0.05,46749.5,Web,กรุงเทพมหานคร,Notebook,PAY000075,Credit Card,PAID,2026-01-22 08:15:00,True
ORD000077,2026-01-08 04:24:00,C0143,P026,2,12255.0,0.0,24510.0,Web,เชียงใหม่,Smart Home,PAY000077,PromptPay,PAID,2026-01-08 04:29:00,True
ORD000078,2026-01-22 17:21:00,C0070,P017,1,1039.5,0.05,987.525,Marketplace,เชียงใหม่,Smartphone,PAY000078,Bank Transfer,PAID,2026-01-22 17:34:00,True
ORD000079,2026-01-05 10:50:00,C0005,P037,1,25900.0,0.1,23310.0,Mobile App,ระยอง,Smart Home,PAY000079,Bank Transfer,PAID,2026-01-05 13:47:00,True
ORD000080,2026-01-28 17:30:00,C0008,P019,3,4189.5,0.05,11940.074999999999,Marketplace,ขอนแก่น,Smartphone,PAY000080,Bank Transfer,PAID,2026-01-28 19:57:00,True
ORD000081,2026-01-11 02:57:00,C0061,P018,4,3591.0,0.0,14364.0,Web,ขอนแก่น,Smartphone,PAY000081,Credit Card,PAID,2026-01-11 03:07:00,True
ORD000082,2026-01-21 18:06:00,C0147,P020,2,474.05,0.1,853.2900000000001,Marketplace,ชลบุรี,Smart Home,PAY000082,PromptPay,PAID,2026-01-21 18:30:00,True
ORD000083,2026-01-17 01:19:00,C0070,P021,1,25900.0,0.0,25900.0,Web,เชียงใหม่,Smart Home,PAY000083,PromptPay,PAID,2026-01-17 01:51:00,True
ORD000084,2026-01-27 07:52:00,C0132,P026,1,11610.0,0.0,11610.0,Web,ชลบุรี,Smart Home,PAY000084,PromptPay,PAID,2026-01-27 08:53:00,True
ORD000085,2026-01-20 05:05:00,C0145,P003,2,24605.0,0.0,49210.0,Mobile App,ภูเก็ต,Smartphone,PAY000085,Credit Card,PAID,2026-01-20 07:24:00,True
ORD000086,2026-01-22 09:30:00,C0038,P015,4,269.1,0.0,1076.4,Web,ชลบุรี,Notebook,PAY000086,Bank Transfer,PAID,2026-01-22 12:16:00,True
ORD000087,2026-01-25 05:31:00,C0068,P001,3,299.0,0.0,897.0,Web,ขอนแก่น,Notebook,PAY000087,Credit Card,PAID,2026-01-25 08:13:00,True
ORD000088,2026-01-28 21:16:00,C0118,P024,2,284.05,0.1,511.29,Web,ระยอง,Accessory,PAY000088,PromptPay,PAID,2026-01-28 22:57:00,True
ORD000089,2026-01-26 04:55:00,C0070,P026,1,12900.0,0.0,12900.0,Web,เชียงใหม่,Smart Home,PAY000089,PromptPay,PAID,2026-01-26 07:40:00,True
ORD000090,2026-01-19 00:37:00,C0083,P038,1,12900.0,0.0,12900.0,Marketplace,ขอนแก่น,Smartphone,PAY000090,Bank Transfer,PAID,2026-01-19 01:32:00,True
ORD000091,2026-01-18 10:20:00,C0156,P037,1,25900.0,0.05,24605.0,Mobile App,กรุงเทพมหานคร,Smart Home,PAY000091,PromptPay,PAID,2026-01-18 12:55:00,True
ORD000092,2026-01-16 20:33:00,C0086,P006,1,313.95,0.0,313.95,Web,กรุงเทพมหานคร,Accessory,PAY000092,Credit Card,PAID,2026-01-16 21:27:00,True
ORD000093,2026-01-17 23:56:00,C0160,P013,2,523.95,0.05,995.505,Web,กรุงเทพมหานคร,Smart Home,PAY000093,PromptPay,FAILED,2026-01-18 00:27:00,False
ORD000094,2026-01-05 03:21:00,C0014,P012,1,1039.5,0.1,935.5500000000001,Marketplace,ขอนแก่น,Accessory,PAY000094,Bank Transfer,PAID,2026-01-05 06:00:00,True
ORD000095,2026-01-01 19:36:00,C0062,P020,2,499.0,0.0,998.0,Web,ระยอง,Smart Home,PAY000095,Credit Card,PAID,2026-01-01 20:33:00,True
ORD000096,2026-01-26 20:50:00,C0090,P024,2,284.05,0.0,568.1,Mobile App,เชียงใหม่,Accessory,PAY000096,Credit Card,PAID,2026-01-26 22:11:00,True
ORD000097,2026-01-16 01:11:00,C0008,P009,4,299.0,0.0,1196.0,Marketplace,ขอนแก่น,Notebook,PAY000097,PromptPay,PAID,2026-01-16 01:43:00,True
ORD000098,2026-01-14 04:53:00,C0099,P016,2,1490.0,0.1,2682.0,Marketplace,ขอนแก่น,Accessory,PAY000098,Credit Card,PAID,2026-01-14 06:37:00,True
ORD000099,2026-01-24 06:51:00,C0136,P039,3,1039.5,0.0,3118.5,Mobile App,ระยอง,Notebook,PAY000099,PromptPay,PAID,2026-01-24 08:38:00,True
ORD000100,2026-01-05 13:19:00,C0014,P038,2,13545.0,0.0,27090.0,Mobile App,ขอนแก่น,Smartphone,PAY000100,Bank Transfer,PAID,2026-01-05 15:44:00,True
ORD000101,2026-01-20 04:47:00,C0093,P034,1,284.05,0.0,284.05,Web,ภูเก็ต,Accessory,PAY000101,Bank Transfer,FAILED,2026-01-20 05:56:00,False
ORD000102,2026-01-05 07:29:00,C0078,P002,4,1341.0,0.05,5095.8,Mobile App,ระยอง,Smartphone,PAY000102,Bank Transfer,PAID,2026-01-05 09:52:00,True
ORD000103,2026-01-11 07:18:00,C0079,P014,1,940.5,0.1,846.45,Web,ภูเก็ต,Notebook,PAY000103,Credit Card,PAID,2026-01-11 08:32:00,True
ORD000104,2026-01-13 17:48:00,C0157,P036,2,299.0,0.1,538.2,Marketplace,ระยอง,Notebook,PAY000104,Credit Card,PAID,2026-01-13 19:26:00,True
ORD000105,2026-01-07 02:25:00,C0099,P002,2,1341.0,0.1,2413.8,Mobile App,ขอนแก่น,Smartphone,PAY000105,Credit Card,PAID,2026-01-07 03:54:00,True
ORD000106,2026-01-07 13:52:00,C0157,P008,4,474.05,0.1,1706.5800000000002,Marketplace,ระยอง,Accessory,PAY000106,PromptPay,REFUNDED,2026-01-07 15:10:00,False
ORD000107,2026-01-23 21:07:00,C0065,P023,2,299.0,0.0,598.0,Web,ขอนแก่น,Accessory,PAY000107,Credit Card,PAID,2026-01-23 23:36:00,True
ORD000108,2026-01-17 22:05:00,C0138,P029,4,3990.0,0.0,15960.0,Web,กรุงเทพมหานคร,Notebook,PAY000108,Credit Card,PAID,2026-01-17 23:54:00,True
ORD000109,2026-01-19 03:38:00,C0140,P033,1,13545.0,0.0,13545.0,Web,ภูเก็ต,Smart Home,PAY000109,Credit Card,PAID,2026-01-19 06:35:00,True
ORD000110,2026-01-27 22:29:00,C0066,P002,3,1341.0,0.0,4023.0,Marketplace,ระยอง,Smartphone,PAY000110,PromptPay,PAID,2026-01-28 00:24:00,True
ORD000111,2026-01-04 17:27:00,C0146,P008,3,449.1,0.0,1347.3000000000002,Mobile App,กรุงเทพมหานคร,Accessory,PAY000111,Credit Card,PAID,2026-01-04 19:04:00,True
ORD000112,2026-01-18 09:59:00,C0097,P034,2,313.95,0.05,596.505,Web,เชียงใหม่,Accessory,PAY000112,Bank Transfer,FAILED,2026-01-18 11:54:00,False
ORD000113,2026-01-03 06:56:00,C0024,P027,3,24605.0,0.0,73815.0,Mobile App,กรุงเทพมหานคร,Smartphone,PAY000113,Bank Transfer,PAID,2026-01-03 09:53:00,True
ORD000114,2026-01-01 13:09:00,C0050,P014,3,1039.5,0.0,3118.5,Web,เชียงใหม่,Notebook,PAY000114,PromptPay,PAID,2026-01-01 14:03:00,True
ORD000115,2026-01-21 07:56:00,C0085,P009,4,313.95,0.0,1255.8,Mobile App,กรุงเทพมหานคร,Notebook,PAY000115,Bank Transfer,PAID,2026-01-21 10:17:00,True
ORD000116,2026-01-24 08:29:00,C0073,P002,4,1341.0,0.0,5364.0,Web,ขอนแก่น,Smartphone,PAY000116,Bank Transfer,PAID,2026-01-24 10:09:00,True
ORD000117,2026-01-09 09:51:00,C0012,P016,1,1415.5,0.0,1415.5,Marketplace,ขอนแก่น,Accessory,PAY000117,Bank Transfer,PAID,2026-01-09 10:26:00,True
ORD000118,2026-01-21 07:02:00,C0075,P025,1,23310.0,0.05,22144.5,Web,ระยอง,Accessory,PAY000118,Bank Transfer,PAID,2026-01-21 08:33:00,True
ORD000119,2026-01-25 09:48:00,C0007,P022,1,449.1,0.0,449.1,Web,กรุงเทพมหานคร,Accessory,PAY000119,Bank Transfer,PAID,2026-01-25 10:43:00,True
ORD000120,2026-01-15 14:33:00,C0092,P020,4,499.0,0.0,1996.0,Web,กรุงเทพมหานคร,Smart Home,PAY000120,PromptPay,PAID,2026-01-15 16:33:00,True
ORD000121,2026-01-05 17:34:00,C0052,P006,1,313.95,0.0,313.95,Web,ระยอง,Accessory,PAY000121,Credit Card,REFUNDED,2026-01-05 19:17:00,False
ORD000122,2026-01-08 11:24:00,C0051,P010,3,891.0,0.1,2405.7000000000003,Mobile App,เชียงใหม่,Smart Home,PAY000122,PromptPay,PAID,2026-01-08 11:27:00,True
ORD000123,2026-01-08 18:25:00,C0035,P024,1,313.95,0.0,313.95,Mobile App,ชลบุรี,Accessory,PAY000123,Bank Transfer,PAID,2026-01-08 19:08:00,True
ORD000124,2026-01-15 01:56:00,C0012,P007,1,27195.0,0.05,25835.25,Web,ขอนแก่น,Notebook,PAY000124,PromptPay,PAID,2026-01-15 04:09:00,True
ORD000125,2026-01-24 01:22:00,C0155,P003,1,25900.0,0.0,25900.0,Web,เชียงใหม่,Smartphone,PAY000125,PromptPay,PAID,2026-01-24 02:51:00,True
ORD000126,2026-01-03 20:15:00,C0056,P022,1,523.95,0.05,497.7525,Marketplace,เชียงใหม่,Accessory,PAY000126,Credit Card,PAID,2026-01-03 20:33:00,True
ORD000127,2026-01-27 13:30:00,C0060,P040,3,3790.5,0.05,10802.925,Mobile App,ภูเก็ต,Accessory,PAY000127,Bank Transfer,PAID,2026-01-27 15:29:00,True
ORD000128,2026-01-13 09:03:00,C0138,P012,3,940.5,0.0,2821.5,Mobile App,กรุงเทพมหานคร,Accessory,PAY000128,Credit Card,PAID,2026-01-13 09:29:00,True
ORD000129,2026-01-24 16:44:00,C0098,P031,1,1490.0,0.0,1490.0,Mobile App,เชียงใหม่,Smart Home,PAY000129,PromptPay,PAID,2026-01-24 17:25:00,True
ORD000130,2026-01-07 01:39:00,C0067,P006,2,299.0,0.05,568.1,Web,ชลบุรี,Accessory,PAY000130,Credit Card,FAILED,2026-01-07 03:56:00,False
ORD000131,2026-01-03 03:34:00,C0101,P010,2,891.0,0.05,1692.8999999999999,Marketplace,ภูเก็ต,Smart Home,PAY000131,Bank Transfer,PAID,2026-01-03 05:17:00,True
ORD000132,2026-01-28 02:40:00,C0146,P022,1,523.95,0.1,471.55500000000006,Marketplace,กรุงเทพมหานคร,Accessory,PAY000132,Credit Card,PAID,2026-01-28 03:12:00,True
ORD000133,2026-01-11 15:42:00,C0078,P008,3,449.1,0.0,1347.3000000000002,Marketplace,ระยอง,Accessory,PAY000133,Credit Card,PAID,2026-01-11 17:27:00,True
ORD000134,2026-01-08 15:18:00,C0007,P018,2,3591.0,0.05,6822.9,Marketplace,กรุงเทพมหานคร,Smartphone,PAY000134,Bank Transfer,PAID,2026-01-08 16:18:00,True
ORD000135,2026-01-15 04:33:00,C0076,P027,2,25900.0,0.05,49210.0,Mobile App,ระยอง,Smartphone,PAY000135,Credit Card,PAID,2026-01-15 05:23:00,True
ORD000136,2026-01-18 05:28:00,C0052,P003,2,25900.0,0.0,51800.0,Mobile App,ระยอง,Smartphone,PAY000136,PromptPay,PAID,2026-01-18 05:57:00,True
ORD000137,2026-01-07 00:33:00,C0003,P039,2,990.0,0.05,1881.0,Marketplace,ขอนแก่น,Notebook,PAY000137,PromptPay,PAID,2026-01-07 00:39:00,True
ORD000138,2026-01-08 13:50:00,C0145,P030,1,474.05,0.1,426.64500000000004,Mobile App,ภูเก็ต,Smartphone,PAY000138,Credit Card,PAID,2026-01-08 13:54:00,True
ORD000139,2026-01-05 03:18:00,C0075,P016,1,1490.0,0.0,1490.0,Web,ระยอง,Accessory,PAY000139,Credit Card,PAID,2026-01-05 05:45:00,True
ORD000140,2026-01-04 00:24:00,C0132,P023,1,269.1,0.05,255.645,Marketplace,ชลบุรี,Accessory,PAY000140,Credit Card,PAID,2026-01-04 00:39:00,True
ORD000141,2026-01-14 11:29:00,C0069,P011,2,23310.0,0.0,46620.0,Web,กรุงเทพมหานคร,Accessory,PAY000141,Credit Card,PAID,2026-01-14 11:56:00,True
ORD000142,2026-01-08 05:30:00,C0127,P010,2,891.0,0.0,1782.0,Web,ภูเก็ต,Smart Home,PAY000142,Bank Transfer,FAILED,2026-01-08 06:50:00,False
ORD000143,2026-01-18 23:04:00,C0133,P007,1,25900.0,0.05,24605.0,Web,ภูเก็ต,Notebook,PAY000143,Credit Card,PAID,2026-01-19 00:29:00,True
ORD000145,2026-01-11 18:33:00,C0142,P009,1,313.95,0.1,282.555,Web,ชลบุรี,Notebook,PAY000145,Credit Card,PAID,2026-01-11 19:39:00,True
ORD000146,2026-01-13 00:04:00,C0096,P023,1,299.0,0.0,299.0,Marketplace,กรุงเทพมหานคร,Accessory,PAY000146,Bank Transfer,PAID,2026-01-13 00:08:00,True
ORD000147,2026-01-24 10:34:00,C0114,P001,1,299.0,0.0,299.0,Marketplace,เชียงใหม่,Notebook,PAY000147,Bank Transfer,PAID,2026-01-24 12:27:00,True
ORD000148,2026-01-16 20:05:00,C0121,P040,1,3591.0,0.05,3411.45,Mobile App,กรุงเทพมหานคร,Accessory,PAY000148,Credit Card,FAILED,2026-01-16 22:33:00,False
ORD000149,2026-01-04 10:57:00,C0033,P028,1,299.0,0.05,284.05,Mobile App,ระยอง,Smartphone,PAY000149,Bank Transfer,PAID,2026-01-04 12:47:00,True
ORD000150,2026-01-11 10:12:00,C0067,P033,2,12900.0,0.0,25800.0,Mobile App,ชลบุรี,Smart Home,PAY000150,Bank Transfer,PAID,2026-01-11 12:02:00,True
ORD000151,2026-01-06 02:33:00,C0004,P036,1,269.1,0.0,269.1,Mobile App,กรุงเทพมหานคร,Notebook,PAY000151,Credit Card,PAID,2026-01-06 05:16:00,True
ORD000152,2026-01-20 15:01:00,C0026,P040,2,3990.0,0.0,7980.0,Marketplace,เชียงใหม่,Accessory,PAY000152,Bank Transfer,PAID,2026-01-20 15:53:00,True
ORD000153,2026-01-08 04:09:00,C0120,P011,1,25900.0,0.0,25900.0,Mobile App,ขอนแก่น,Accessory,PAY000153,Credit Card,PAID,2026-01-08 04:54:00,True
ORD000154,2026-01-04 03:08:00,C0047,P009,4,299.0,0.0,1196.0,Marketplace,ระยอง,Notebook,PAY000154,PromptPay,PAID,2026-01-04 05:58:00,True
ORD000155,2026-01-19 06:03:00,C0130,P014,4,990.0,0.0,3960.0,Web,ภูเก็ต,Notebook,PAY000155,PromptPay,PAID,2026-01-19 07:13:00,True
ORD000156,2026-01-07 14:35:00,C0014,P001,2,269.1,0.0,538.2,Marketplace,ขอนแก่น,Notebook,PAY000156,PromptPay,PAID,2026-01-07 15:45:00,True
ORD000157,2026-01-13 09:28:00,C0054,P024,1,299.0,0.0,299.0,Marketplace,กรุงเทพมหานคร,Accessory,PAY000157,Credit Card,PAID,2026-01-13 11:34:00,True
ORD000158,2026-01-14 21:41:00,C0073,P027,1,23310.0,0.05,22144.5,Web,ขอนแก่น,Smartphone,PAY000158,Bank Transfer,PAID,2026-01-14 22:07:00,True
ORD000159,2026-01-08 21:42:00,C0141,P006,1,284.05,0.05,269.8475,Mobile App,กรุงเทพมหานคร,Accessory,PAY000159,Credit Card,PAID,2026-01-08 23:30:00,True
ORD000160,2026-01-15 17:15:00,C0059,P014,2,990.0,0.0,1980.0,Mobile App,ระยอง,Notebook,PAY000160,Credit Card,PAID,2026-01-15 19:09:00,True
ORD000161,2026-01-11 15:47:00,C0092,P012,1,891.0,0.05,846.4499999999999,Mobile App,กรุงเทพมหานคร,Accessory,PAY000161,Bank Transfer,PAID,2026-01-11 18:21:00,True
ORD000162,2026-01-24 04:41:00,C0130,P002,2,1415.5,0.05,2689.45,Mobile App,ภูเก็ต,Smartphone,PAY000162,Credit Card,PAID,2026-01-24 07:23:00,True
ORD000163,2026-01-24 22:34:00,C0093,P037,1,24605.0,0.1,22144.5,Marketplace,ภูเก็ต,Smart Home,PAY000163,PromptPay,PAID,2026-01-24 23:22:00,True
ORD000164,2026-01-06 04:10:00,C0112,P033,3,11610.0,0.0,34830.0,Marketplace,กรุงเทพมหานคร,Smart Home,PAY000164,Credit Card,PAID,2026-01-06 04:53:00,True
ORD000165,2026-01-26 09:37:00,C0002,P024,1,299.0,0.0,299.0,Marketplace,ชลบุรี,Accessory,PAY000165,PromptPay,PAID,2026-01-26 11:39:00,True
ORD000166,2026-01-05 14:37:00,C0001,P027,3,27195.0,0.0,81585.0,Web,ชลบุรี,Smartphone,PAY000166,Bank Transfer,PAID,2026-01-05 16:33:00,True
ORD000167,2026-01-04 15:26:00,C0151,P006,1,284.05,0.1,255.645,Web,ชลบุรี,Accessory,PAY000167,Credit Card,FAILED,2026-01-04 16:32:00,False
ORD000168,2026-01-10 11:34:00,C0004,P019,3,3990.0,0.0,11970.0,Marketplace,กรุงเทพมหานคร,Smartphone,PAY000168,Credit Card,PAID,2026-01-10 12:59:00,True
ORD000169,2026-01-23 15:45:00,C0073,P018,1,3591.0,0.1,3231.9,Marketplace,ขอนแก่น,Smartphone,PAY000169,Bank Transfer,PAID,2026-01-23 15:58:00,True
ORD000170,2026-01-18 21:15:00,C0004,P020,1,499.0,0.0,499.0,Marketplace,กรุงเทพมหานคร,Smart Home,PAY000170,Bank Transfer,PAID,2026-01-18 22:05:00,True
ORD000171,2026-01-26 20:58:00,C0160,P010,2,891.0,0.0,1782.0,Web,กรุงเทพมหานคร,Smart Home,PAY000171,Credit Card,PAID,2026-01-26 21:59:00,True
ORD000172,2026-01-20 16:52:00,C0028,P034,1,299.0,0.1,269.1,Mobile App,ขอนแก่น,Accessory,PAY000172,PromptPay,PAID,2026-01-20 17:39:00,True
ORD000173,2026-01-03 06:14:00,C0137,P007,3,27195.0,0.0,81585.0,Marketplace,ภูเก็ต,Notebook,PAY000173,Credit Card,PAID,2026-01-03 08:17:00,True
ORD000174,2026-01-28 23:11:00,C0075,P018,4,3990.0,0.05,15162.0,Marketplace,ระยอง,Smartphone,PAY000174,Credit Card,PAID,2026-01-28 23:29:00,True
ORD000175,2026-01-26 17:56:00,C0088,P004,3,1564.5,0.0,4693.5,Marketplace,ภูเก็ต,Smart Home,PAY000175,Credit Card,PAID,2026-01-26 18:58:00,True
ORD000176,2026-01-21 02:49:00,C0120,P025,2,27195.0,0.0,54390.0,Mobile App,ขอนแก่น,Accessory,PAY000176,Credit Card,PAID,2026-01-21 05:33:00,True
ORD000177,2026-01-04 02:29:00,C0015,P027,2,23310.0,0.05,44289.0,Mobile App,ภูเก็ต,Smartphone,PAY000177,Credit Card,PAID,2026-01-04 05:23:00,True
ORD000178,2026-01-26 22:57:00,C0127,P028,4,299.0,0.0,1196.0,Mobile App,ภูเก็ต,Smartphone,PAY000178,Bank Transfer,PAID,2026-01-27 01:41:00,True
ORD000179,2026-01-22 06:53:00,C0147,P012,4,940.5,0.05,3573.8999999999996,Marketplace,ชลบุรี,Accessory,PAY000179,Credit Card,FAILED,2026-01-22 08:18:00,False
ORD000180,2026-01-06 14:27:00,C0026,P021,1,23310.0,0.0,23310.0,Marketplace,เชียงใหม่,Smart Home,PAY000180,Bank Transfer,PAID,2026-01-06 16:40:00,True
ORD000181,2026-01-17 22:36:00,C0078,P007,1,25900.0,0.0,25900.0,Mobile App,ระยอง,Notebook,PAY000181,PromptPay,PAID,2026-01-17 23:43:00,True
ORD000182,2026-01-19 01:42:00,C0135,P025,1,23310.0,0.0,23310.0,Mobile App,กรุงเทพมหานคร,Accessory,PAY000182,Credit Card,PAID,2026-01-19 02:14:00,True
ORD000183,2026-01-11 14:35:00,C0044,P038,3,11610.0,0.0,34830.0,Web,กรุงเทพมหานคร,Smartphone,PAY000183,PromptPay,PAID,2026-01-11 14:59:00,True
ORD000184,2026-01-17 11:36:00,C0154,P019,4,3790.5,0.0,15162.0,Web,เชียงใหม่,Smartphone,PAY000184,PromptPay,PAID,2026-01-17 12:30:00,True
ORD000185,2026-01-08 11:35:00,C0140,P028,4,269.1,0.1,968.7600000000001,Mobile App,ภูเก็ต,Smartphone,PAY000185,Credit Card,PAID,2026-01-08 11:57:00,True
ORD000186,2026-01-11 06:19:00,C0077,P003,1,27195.0,0.0,27195.0,Marketplace,เชียงใหม่,Smartphone,PAY000186,Bank Transfer,FAILED,2026-01-11 06:27:00,False
ORD000187,2026-01-22 17:38:00,C0092,P039,2,990.0,0.0,1980.0,Marketplace,กรุงเทพมหานคร,Notebook,PAY000187,Credit Card,PAID,2026-01-22 19:22:00,True
ORD000188,2026-01-22 03:20:00,C0047,P031,4,1490.0,0.05,5662.0,Marketplace,ระยอง,Smart Home,PAY000188,Credit Card,PAID,2026-01-22 06:04:00,True
ORD000190,2026-01-28 04:14:00,C0129,P025,4,27195.0,0.0,108780.0,Marketplace,กรุงเทพมหานคร,Accessory,PAY000190,PromptPay,PAID,2026-01-28 04:22:00,True
ORD000191,2026-01-17 08:52:00,C0011,P023,1,299.0,0.0,299.0,Mobile App,ชลบุรี,Accessory,PAY000191,PromptPay,PAID,2026-01-17 11:42:00,True
ORD000192,2026-01-13 01:30:00,C0101,P039,1,1039.5,0.0,1039.5,Web,ภูเก็ต,Notebook,PAY000192,Bank Transfer,PAID,2026-01-13 02:16:00,True
ORD000193,2026-01-18 00:15:00,C0052,P005,2,299.0,0.1,538.2,Mobile App,ระยอง,Smartphone,PAY000193,Credit Card,PAID,2026-01-18 00:18:00,True
ORD000194,2026-01-22 00:46:00,C0113,P001,1,299.0,0.1,269.1,Marketplace,ระยอง,Notebook,PAY000194,Bank Transfer,PAID,2026-01-22 02:31:00,True
ORD000195,2026-01-11 22:27:00,C0094,P014,2,990.0,0.0,1980.0,Mobile App,ขอนแก่น,Notebook,PAY000195,Bank Transfer,PAID,2026-01-11 23:40:00,True
ORD000196,2026-01-20 08:53:00,C0132,P007,1,25900.0,0.1,23310.0,Web,ชลบุรี,Notebook,PAY000196,PromptPay,PAID,2026-01-20 10:07:00,True
ORD000197,2026-01-06 22:25:00,C0099,P002,1,1415.5,0.05,1344.725,Web,ขอนแก่น,Smartphone,PAY000197,Credit Card,PAID,2026-01-07 01:07:00,True
ORD000198,2026-01-22 16:13:00,C0040,P012,4,990.0,0.1,3564.0,Marketplace,กรุงเทพมหานคร,Accessory,PAY000198,Bank Transfer,PAID,2026-01-22 17:18:00,True
ORD000200,2026-01-01 14:06:00,C0097,P004,2,1341.0,0.0,2682.0,Mobile App,เชียงใหม่,Smart Home,PAY000200,PromptPay,PAID,2026-01-01 16:49:00,True
ORD000201,2026-01-22 12:04:00,C0059,P022,4,449.1,0.0,1796.4,Marketplace,ระยอง,Accessory,PAY000201,PromptPay,PAID,2026-01-22 14:32:00,True
ORD000202,2026-01-04 08:21:00,C0019,P027,2,23310.0,0.05,44289.0,Web,ระยอง,Smartphone,PAY000202,PromptPay,PAID,2026-01-04 10:23:00,True
ORD000203,2026-01-12 15:24:00,C0083,P025,1,25900.0,0.0,25900.0,Mobile App,ขอนแก่น,Accessory,PAY000203,Credit Card,PAID,2026-01-12 17:06:00,True
ORD000204,2026-01-06 00:39:00,C0131,P036,2,313.95,0.0,627.9,Mobile App,ระยอง,Notebook,PAY000204,Credit Card,PAID,2026-01-06 03:10:00,True
ORD000205,2026-01-17 13:52:00,C0160,P030,4,499.0,0.05,1896.1999999999998,Web,กรุงเทพมหานคร,Smartphone,PAY000205,Credit Card,FAILED,2026-01-17 15:25:00,False
ORD000206,2026-01-06 21:44:00,C0008,P023,4,269.1,0.0,1076.4,Web,ขอนแก่น,Accessory,PAY000206,PromptPay,PAID,2026-01-06 23:55:00,True
ORD000207,2026-01-11 04:13:00,C0052,P001,1,313.95,0.0,313.95,Marketplace,ระยอง,Notebook,PAY000207,PromptPay,PAID,2026-01-11 05:29:00,True
ORD000208,2026-01-25 17:56:00,C0024,P037,4,23310.0,0.1,83916.0,Web,กรุงเทพมหานคร,Smart Home,PAY000208,PromptPay,PAID,2026-01-25 18:11:00,True
ORD000209,2026-01-14 02:39:00,C0067,P006,1,284.05,0.0,284.05,Marketplace,ชลบุรี,Accessory,PAY000209,PromptPay,PAID,2026-01-14 05:29:00,True
ORD000210,2026-01-26 09:51:00,C0013,P009,1,299.0,0.0,299.0,Mobile App,เชียงใหม่,Notebook,PAY000210,Credit Card,PAID,2026-01-26 11:17:00,True
ORD000211,2026-01-24 08:11:00,C0066,P022,2,499.0,0.05,948.0999999999999,Web,ระยอง,Accessory,PAY000211,Credit Card,PAID,2026-01-24 08:30:00,True
ORD000212,2026-01-10 23:01:00,C0071,P001,2,284.05,0.1,511.29,Marketplace,ชลบุรี,Notebook,PAY000212,Credit Card,PAID,2026-01-11 01:18:00,True
ORD000213,2026-01-17 11:40:00,C0025,P021,1,25900.0,0.0,25900.0,Marketplace,ชลบุรี,Smart Home,PAY000213,PromptPay,PAID,2026-01-17 13:48:00,True
ORD000214,2026-01-09 14:42:00,C0014,P019,2,3990.0,0.0,7980.0,Web,ขอนแก่น,Smartphone,PAY000214,Credit Card,PAID,2026-01-09 15:24:00,True
ORD000215,2026-01-21 10:20:00,C0040,P036,2,299.0,0.05,568.1,Web,กรุงเทพมหานคร,Notebook,PAY000215,PromptPay,PAID,2026-01-21 11:14:00,True
ORD000216,2026-01-28 05:31:00,C0024,P033,1,12255.0,0.0,12255.0,Marketplace,กรุงเทพมหานคร,Smart Home,PAY000216,Credit Card,PAID,2026-01-28 07:48:00,True
ORD000217,2026-01-16 22:43:00,C0081,P028,1,284.05,0.05,269.8475,Mobile App,ขอนแก่น,Smartphone,PAY000217,PromptPay,REFUNDED,2026-01-17 00:44:00,False
ORD000218,2026-01-01 18:45:00,C0072,P020,3,474.05,0.1,1279.9350000000002,Mobile App,เชียงใหม่,Smart Home,PAY000218,Bank Transfer,PAID,2026-01-01 20:07:00,True
ORD000219,2026-01-10 09:38:00,C0081,P021,1,27195.0,0.0,27195.0,Web,ขอนแก่น,Smart Home,PAY000219,Bank Transfer,PAID,2026-01-10 12:03:00,True
ORD000220,2026-01-12 20:20:00,C0135,P037,1,24605.0,0.0,24605.0,Marketplace,กรุงเทพมหานคร,Smart Home,PAY000220,Credit Card,PAID,2026-01-12 22:17:00,True
ORD000221,2026-01-25 21:10:00,C0157,P008,4,523.95,0.05,1991.01,Marketplace,ระยอง,Accessory,PAY000221,Credit Card,PAID,2026-01-25 21:26:00,True
ORD000222,2026-01-23 20:37:00,C0109,P027,1,24605.0,0.1,22144.5,Mobile App,กรุงเทพมหานคร,Smartphone,PAY000222,Credit Card,PAID,2026-01-23 22:07:00,True
ORD000223,2026-01-17 01:11:00,C0051,P014,2,940.5,0.0,1881.0,Marketplace,เชียงใหม่,Notebook,PAY000223,PromptPay,PAID,2026-01-17 01:44:00,True
ORD000224,2026-01-14 21:18:00,C0012,P031,1,1490.0,0.0,1490.0,Web,ขอนแก่น,Smart Home,PAY000224,PromptPay,PAID,2026-01-14 22:01:00,True
ORD000225,2026-01-16 05:19:00,C0135,P025,1,23310.0,0.05,22144.5,Mobile App,กรุงเทพมหานคร,Accessory,PAY000225,PromptPay,PAID,2026-01-16 06:29:00,True
ORD000226,2026-01-08 17:35:00,C0064,P003,3,23310.0,0.0,69930.0,Mobile App,ขอนแก่น,Smartphone,PAY000226,Credit Card,PAID,2026-01-08 18:59:00,True
ORD000227,2026-01-02 17:13:00,C0007,P016,1,1490.0,0.0,1490.0,Marketplace,กรุงเทพมหานคร,Accessory,PAY000227,Bank Transfer,PAID,2026-01-02 19:15:00,True
ORD000228,2026-01-17 20:14:00,C0053,P028,3,299.0,0.0,897.0,Web,ระยอง,Smartphone,PAY000228,Credit Card,PAID,2026-01-17 21:37:00,True
ORD000229,2026-01-08 13:18:00,C0008,P017,2,940.5,0.0,1881.0,Mobile App,ขอนแก่น,Smartphone,PAY000229,Bank Transfer,PAID,2026-01-08 14:50:00,True
ORD000230,2026-01-19 20:00:00,C0160,P015,4,299.0,0.1,1076.4,Web,กรุงเทพมหานคร,Notebook,PAY000230,PromptPay,PAID,2026-01-19 20:18:00,True
ORD000231,2026-01-11 10:24:00,C0033,P038,1,12900.0,0.0,12900.0,Web,ระยอง,Smartphone,PAY000231,Credit Card,PAID,2026-01-11 10:38:00,True
ORD000232,2026-01-08 03:01:00,C0004,P008,1,499.0,0.05,474.04999999999995,Marketplace,กรุงเทพมหานคร,Accessory,PAY000232,PromptPay,PAID,2026-01-08 03:06:00,True
ORD000233,2026-01-18 08:14:00,C0085,P007,2,25900.0,0.0,51800.0,Marketplace,กรุงเทพมหานคร,Notebook,PAY000233,PromptPay,PAID,2026-01-18 09:31:00,True
ORD000234,2026-01-06 03:24:00,C0025,P026,2,12900.0,0.0,25800.0,Marketplace,ชลบุรี,Smart Home,PAY000234,Bank Transfer,PAID,2026-01-06 04:58:00,True
ORD000235,2026-01-12 09:30:00,C0087,P030,3,499.0,0.0,1497.0,Marketplace,กรุงเทพมหานคร,Smartphone,PAY000235,PromptPay,PAID,2026-01-12 11:42:00,True
ORD000236,2026-01-19 05:22:00,C0068,P027,1,23310.0,0.05,22144.5,Marketplace,ขอนแก่น,Smartphone,PAY000236,Bank Transfer,PAID,2026-01-19 05:28:00,True
ORD000237,2026-01-17 04:02:00,C0020,P030,3,523.95,0.1,1414.6650000000002,Web,ขอนแก่น,Smartphone,PAY000237,Bank Transfer,PAID,2026-01-17 04:13:00,True
ORD000238,2026-01-10 23:15:00,C0140,P034,2,313.95,0.0,627.9,Marketplace,ภูเก็ต,Accessory,PAY000238,Bank Transfer,PAID,2026-01-11 02:11:00,True
ORD000239,2026-01-27 08:24:00,C0044,P004,2,1490.0,0.0,2980.0,Marketplace,กรุงเทพมหานคร,Smart Home,PAY000239,Credit Card,PAID,2026-01-27 08:51:00,True
ORD000240,2026-01-01 04:54:00,C0091,P018,1,3990.0,0.0,3990.0,Mobile App,ชลบุรี,Smartphone,PAY000240,PromptPay,PAID,2026-01-01 06:09:00,True
ORD000241,2026-01-24 06:52:00,C0003,P026,3,12255.0,0.0,36765.0,Web,ขอนแก่น,Smart Home,PAY000241,Credit Card,PAID,2026-01-24 09:08:00,True
ORD000242,2026-01-08 00:54:00,C0106,P016,2,1490.0,0.0,2980.0,Web,ภูเก็ต,Accessory,PAY000242,Credit Card,PAID,2026-01-08 03:54:00,True
ORD000243,2026-01-19 16:38:00,C0129,P013,3,499.0,0.1,1347.3,Mobile App,กรุงเทพมหานคร,Smart Home,PAY000243,Bank Transfer,PAID,2026-01-19 17:52:00,True
ORD000244,2026-01-16 14:15:00,C0153,P029,2,3990.0,0.05,7581.0,Web,ขอนแก่น,Notebook,PAY000244,PromptPay,PAID,2026-01-16 16:05:00,True
ORD000245,2026-01-11 05:18:00,C0058,P031,1,1415.5,0.1,1273.95,Web,ระยอง,Smart Home,PAY000245,Credit Card,PAID,2026-01-11 06:59:00,True
ORD000246,2026-01-12 03:50:00,C0107,P028,1,269.1,0.05,255.645,Mobile App,ระยอง,Smartphone,PAY000246,Bank Transfer,PAID,2026-01-12 06:31:00,True
ORD000247,2026-01-20 00:13:00,C0025,P029,2,4189.5,0.05,7960.049999999999,Web,ชลบุรี,Notebook,PAY000247,PromptPay,PAID,2026-01-20 01:03:00,True
ORD000248,2026-01-14 08:37:00,C0144,P009,1,284.05,0.0,284.05,Mobile App,ภูเก็ต,Notebook,PAY000248,PromptPay,PAID,2026-01-14 08:56:00,True
ORD000249,2026-01-04 01:05:00,C0121,P008,3,499.0,0.0,1497.0,Web,กรุงเทพมหานคร,Accessory,PAY000249,Credit Card,PAID,2026-01-04 03:32:00,True
ORD000250,2026-01-20 22:06:00,C0160,P039,3,891.0,0.05,2539.35,Web,กรุงเทพมหานคร,Notebook,PAY000250,Credit Card,PAID,2026-01-20 23:00:00,True
ORD000251,2026-01-10 23:16:00,C0014,P010,3,891.0,0.1,2405.7000000000003,Web,ขอนแก่น,Smart Home,PAY000251,Bank Transfer,PAID,2026-01-11 00:28:00,True
ORD000252,2026-01-12 07:49:00,C0068,P020,1,449.1,0.1,404.19000000000005,Web,ขอนแก่น,Smart Home,PAY000252,Credit Card,PAID,2026-01-12 08:17:00,True
ORD000253,2026-01-05 12:14:00,C0139,P029,4,3990.0,0.1,14364.0,Marketplace,ระยอง,Notebook,PAY000253,Bank Transfer,PAID,2026-01-05 14:03:00,True
ORD000254,2026-01-02 14:40:00,C0030,P012,2,990.0,0.0,1980.0,Mobile App,ชลบุรี,Accessory,PAY000254,Bank Transfer,PAID,2026-01-02 16:51:00,True
ORD000255,2026-01-26 05:45:00,C0090,P010,2,940.5,0.0,1881.0,Mobile App,เชียงใหม่,Smart Home,PAY000255,PromptPay,PAID,2026-01-26 08:04:00,True
ORD000256,2026-01-07 08:04:00,C0056,P024,4,299.0,0.0,1196.0,Mobile App,เชียงใหม่,Accessory,PAY000256,PromptPay,FAILED,2026-01-07 09:10:00,False
ORD000257,2026-01-15 04:48:00,C0016,P014,1,990.0,0.05,940.5,Mobile App,ชลบุรี,Notebook,PAY000257,Credit Card,PAID,2026-01-15 05:54:00,True
ORD000258,2026-01-02 00:35:00,C0050,P002,4,1490.0,0.0,5960.0,Web,เชียงใหม่,Smartphone,PAY000258,PromptPay,PAID,2026-01-02 02:44:00,True
ORD000259,2026-01-18 01:24:00,C0102,P039,3,1039.5,0.1,2806.65,Marketplace,ระยอง,Notebook,PAY000259,PromptPay,PAID,2026-01-18 02:01:00,True
ORD000260,2026-01-06 12:56:00,C0151,P029,4,4189.5,0.1,15082.2,Marketplace,ชลบุรี,Notebook,PAY000260,Bank Transfer,PAID,2026-01-06 14:03:00,True
ORD000261,2026-01-19 00:17:00,C0037,P032,1,25900.0,0.0,25900.0,Web,ภูเก็ต,Notebook,PAY000261,Credit Card,PAID,2026-01-19 03:05:00,True
ORD000262,2026-01-24 01:10:00,C0049,P013,2,499.0,0.0,998.0,Marketplace,ระยอง,Smart Home,PAY000262,PromptPay,FAILED,2026-01-24 01:14:00,False
ORD000263,2026-01-21 09:23:00,C0019,P019,2,3990.0,0.1,7182.0,Mobile App,ระยอง,Smartphone,PAY000263,Bank Transfer,PAID,2026-01-21 12:13:00,True
ORD000264,2026-01-15 23:38:00,C0110,P018,2,3990.0,0.1,7182.0,Mobile App,เชียงใหม่,Smartphone,PAY000264,Bank Transfer,PAID,2026-01-16 01:52:00,True
ORD000265,2026-01-25 21:34:00,C0116,P031,2,1490.0,0.05,2831.0,Web,ระยอง,Smart Home,PAY000265,PromptPay,PAID,2026-01-25 22:52:00,True
ORD000266,2026-01-23 00:34:00,C0010,P037,2,24605.0,0.1,44289.0,Mobile App,ชลบุรี,Smart Home,PAY000266,Credit Card,REFUNDED,2026-01-23 02:58:00,False
ORD000268,2026-01-13 08:12:00,C0045,P018,3,3591.0,0.0,10773.0,Mobile App,เชียงใหม่,Smartphone,PAY000268,Credit Card,PAID,2026-01-13 08:58:00,True
ORD000269,2026-01-16 02:11:00,C0115,P012,4,1039.5,0.0,4158.0,Marketplace,ระยอง,Accessory,PAY000269,Bank Transfer,PAID,2026-01-16 03:31:00,True
ORD000270,2026-01-12 19:00:00,C0087,P030,3,449.1,0.05,1279.9350000000002,Web,กรุงเทพมหานคร,Smartphone,PAY000270,Bank Transfer,PAID,2026-01-12 19:18:00,True
ORD000271,2026-01-07 11:25:00,C0091,P035,2,23310.0,0.0,46620.0,Web,ชลบุรี,Accessory,PAY000271,Credit Card,PAID,2026-01-07 14:14:00,True
ORD000272,2026-01-19 03:26:00,C0159,P038,1,13545.0,0.0,13545.0,Mobile App,ภูเก็ต,Smartphone,PAY000272,Credit Card,PAID,2026-01-19 04:25:00,True
ORD000273,2026-01-12 05:23:00,C0008,P005,1,269.1,0.0,269.1,Mobile App,ขอนแก่น,Smartphone,PAY000273,Credit Card,PAID,2026-01-12 06:20:00,True
ORD000274,2026-01-10 19:46:00,C0157,P028,2,299.0,0.0,598.0,Web,ระยอง,Smartphone,PAY000274,PromptPay,PAID,2026-01-10 22:12:00,True
ORD000275,2026-01-28 07:37:00,C0031,P032,1,23310.0,0.0,23310.0,Mobile App,กรุงเทพมหานคร,Notebook,PAY000275,Bank Transfer,PAID,2026-01-28 08:56:00,True
ORD000277,2026-01-08 09:08:00,C0007,P009,3,299.0,0.0,897.0,Marketplace,กรุงเทพมหานคร,Notebook,PAY000277,Bank Transfer,PAID,2026-01-08 11:22:00,True
ORD000278,2026-01-09 23:49:00,C0002,P015,2,313.95,0.0,627.9,Marketplace,ชลบุรี,Notebook,PAY000278,Credit Card,PAID,2026-01-10 02:25:00,True
ORD000279,2026-01-21 01:07:00,C0004,P040,2,3990.0,0.0,7980.0,Mobile App,กรุงเทพมหานคร,Accessory,PAY000279,PromptPay,PAID,2026-01-21 02:34:00,True
ORD000280,2026-01-27 03:52:00,C0101,P004,2,1490.0,0.05,2831.0,Web,ภูเก็ต,Smart Home,PAY000280,Credit Card,PAID,2026-01-27 04:58:00,True
ORD000281,2026-01-04 23:47:00,C0099,P011,1,23310.0,0.0,23310.0,Mobile App,ขอนแก่น,Accessory,PAY000281,Bank Transfer,PAID,2026-01-05 01:18:00,True
ORD000282,2026-01-18 02:19:00,C0137,P026,1,12900.0,0.0,12900.0,Marketplace,ภูเก็ต,Smart Home,PAY000282,PromptPay,PAID,2026-01-18 04:13:00,True
ORD000283,2026-01-05 22:30:00,C0078,P010,2,1039.5,0.0,2079.0,Web,ระยอง,Smart Home,PAY000283,PromptPay,PAID,2026-01-05 22:38:00,True
ORD000284,2026-01-07 09:47:00,C0115,P035,3,25900.0,0.0,77700.0,Web,ระยอง,Accessory,PAY000284,PromptPay,PAID,2026-01-07 11:53:00,True
ORD000285,2026-01-02 15:23:00,C0094,P025,2,27195.0,0.05,51670.5,Mobile App,ขอนแก่น,Accessory,PAY000285,Bank Transfer,FAILED,2026-01-02 17:43:00,False
ORD000286,2026-01-25 11:47:00,C0106,P027,2,25900.0,0.05,49210.0,Marketplace,ภูเก็ต,Smartphone,PAY000286,PromptPay,PAID,2026-01-25 13:38:00,True
ORD000287,2026-01-17 00:04:00,C0074,P026,1,12255.0,0.0,12255.0,Marketplace,ขอนแก่น,Smart Home,PAY000287,Bank Transfer,PAID,2026-01-17 02:51:00,True
ORD000288,2026-01-07 04:21:00,C0005,P029,3,3990.0,0.0,11970.0,Marketplace,ระยอง,Notebook,PAY000288,PromptPay,PAID,2026-01-07 04:36:00,True
ORD000289,2026-01-15 09:31:00,C0083,P029,3,3790.5,0.0,11371.5,Marketplace,ขอนแก่น,Notebook,PAY000289,Bank Transfer,PAID,2026-01-15 09:43:00,True
ORD000290,2026-01-12 13:01:00,C0038,P034,4,299.0,0.0,1196.0,Web,ชลบุรี,Accessory,PAY000290,Credit Card,PAID,2026-01-12 14:21:00,True
ORD000291,2026-01-27 10:12:00,C0158,P036,3,299.0,0.1,807.3000000000001,Mobile App,เชียงใหม่,Notebook,PAY000291,PromptPay,PAID,2026-01-27 10:43:00,True
ORD000292,2026-01-24 12:23:00,C0130,P013,1,474.05,0.05,450.34749999999997,Mobile App,ภูเก็ต,Smart Home,PAY000292,Bank Transfer,PAID,2026-01-24 14:47:00,True
ORD000293,2026-01-12 19:17:00,C0048,P037,3,24605.0,0.0,73815.0,Web,กรุงเทพมหานคร,Smart Home,PAY000293,PromptPay,PAID,2026-01-12 20:54:00,True
ORD000294,2026-01-08 14:54:00,C0109,P007,1,27195.0,0.05,25835.25,Mobile App,กรุงเทพมหานคร,Notebook,PAY000294,Credit Card,FAILED,2026-01-08 16:03:00,False
ORD000295,2026-01-04 05:04:00,C0054,P036,2,313.95,0.1,565.11,Mobile App,กรุงเทพมหานคร,Notebook,PAY000295,PromptPay,PAID,2026-01-04 05:52:00,True
ORD000296,2026-01-16 06:57:00,C0104,P036,1,284.05,0.0,284.05,Marketplace,ระยอง,Notebook,PAY000296,Bank Transfer,PAID,2026-01-16 07:02:00,True
ORD000297,2026-01-15 13:14:00,C0123,P019,2,3990.0,0.05,7581.0,Mobile App,ระยอง,Smartphone,PAY000297,PromptPay,PAID,2026-01-15 15:38:00,True
ORD000298,2026-01-27 17:42:00,C0122,P039,2,891.0,0.1,1603.8,Marketplace,ขอนแก่น,Notebook,PAY000298,Credit Card,PAID,2026-01-27 19:15:00,True
ORD000299,2026-01-02 22:35:00,C0009,P021,3,24605.0,0.1,66433.5,Web,ภูเก็ต,Smart Home,PAY000299,Bank Transfer,PAID,2026-01-03 00:20:00,True
ORD000300,2026-01-20 05:53:00,C0138,P009,2,269.1,0.1,484.38000000000005,Web,กรุงเทพมหานคร,Notebook,PAY000300,PromptPay,PAID,2026-01-20 06:26:00,True
ORD000301,2026-01-12 08:38:00,C0013,P040,4,3990.0,0.0,15960.0,Marketplace,เชียงใหม่,Accessory,PAY000301,Bank Transfer,PAID,2026-01-12 10:45:00,True
ORD000302,2026-01-02 04:34:00,C0081,P026,1,11610.0,0.05,11029.5,Mobile App,ขอนแก่น,Smart Home,PAY000302,PromptPay,PAID,2026-01-02 06:41:00,True
ORD000303,2026-01-20 15:52:00,C0101,P026,4,12900.0,0.0,51600.0,Marketplace,ภูเก็ต,Smart Home,PAY000303,PromptPay,PAID,2026-01-20 17:24:00,True
ORD000304,2026-01-04 19:27:00,C0147,P009,4,313.95,0.0,1255.8,Mobile App,ชลบุรี,Notebook,PAY000304,Credit Card,PAID,2026-01-04 21:36:00,True
ORD000305,2026-01-26 21:33:00,C0116,P030,1,499.0,0.05,474.04999999999995,Web,ระยอง,Smartphone,PAY000305,Credit Card,PAID,2026-01-27 00:16:00,True
ORD000306,2026-01-22 16:20:00,C0126,P032,1,27195.0,0.0,27195.0,Mobile App,เชียงใหม่,Notebook,PAY000306,PromptPay,PAID,2026-01-22 16:52:00,True
ORD000307,2026-01-14 05:12:00,C0109,P039,3,1039.5,0.0,3118.5,Web,กรุงเทพมหานคร,Notebook,PAY000307,Credit Card,PAID,2026-01-14 06:46:00,True
ORD000308,2026-01-06 21:33:00,C0019,P037,4,23310.0,0.0,93240.0,Marketplace,ระยอง,Smart Home,PAY000308,Credit Card,PAID,2026-01-06 22:49:00,True
ORD000309,2026-01-16 01:10:00,C0081,P015,1,299.0,0.0,299.0,Marketplace,ขอนแก่น,Notebook,PAY000309,PromptPay,PAID,2026-01-16 02:32:00,True
ORD000310,2026-01-13 04:56:00,C0029,P026,1,12900.0,0.0,12900.0,Mobile App,ขอนแก่น,Smart Home,PAY000310,Credit Card,FAILED,2026-01-13 07:45:00,False
ORD000311,2026-01-13 17:06:00,C0144,P032,3,25900.0,0.1,69930.0,Mobile App,ภูเก็ต,Notebook,PAY000311,PromptPay,PAID,2026-01-13 17:17:00,True
ORD000312,2026-01-04 13:24:00,C0011,P026,1,12900.0,0.0,12900.0,Mobile App,ชลบุรี,Smart Home,PAY000312,PromptPay,PAID,2026-01-04 14:00:00,True
ORD000313,2026-01-18 16:23:00,C0088,P025,4,23310.0,0.0,93240.0,Marketplace,ภูเก็ต,Accessory,PAY000313,PromptPay,FAILED,2026-01-18 18:36:00,False
ORD000314,2026-01-01 06:01:00,C0027,P022,1,449.1,0.05,426.645,Web,กรุงเทพมหานคร,Accessory,PAY000314,Bank Transfer,FAILED,2026-01-01 07:10:00,False
ORD000315,2026-01-21 13:58:00,C0037,P016,1,1564.5,0.0,1564.5,Marketplace,ภูเก็ต,Accessory,PAY000315,Bank Transfer,PAID,2026-01-21 14:19:00,True
ORD000316,2026-01-15 06:25:00,C0140,P021,1,27195.0,0.0,27195.0,Web,ภูเก็ต,Smart Home,PAY000316,Credit Card,PAID,2026-01-15 09:11:00,True
ORD000317,2026-01-26 07:49:00,C0068,P022,1,499.0,0.0,499.0,Marketplace,ขอนแก่น,Accessory,PAY000317,Bank Transfer,PAID,2026-01-26 10:10:00,True
ORD000318,2026-01-04 17:13:00,C0008,P002,1,1490.0,0.0,1490.0,Mobile App,ขอนแก่น,Smartphone,PAY000318,Credit Card,PAID,2026-01-04 17:44:00,True
ORD000319,2026-01-28 14:43:00,C0150,P013,1,499.0,0.0,499.0,Web,เชียงใหม่,Smart Home,PAY000319,Bank Transfer,PAID,2026-01-28 17:09:00,True
ORD000320,2026-01-05 23:01:00,C0109,P008,1,523.95,0.0,523.95,Marketplace,กรุงเทพมหานคร,Accessory,PAY000320,Bank Transfer,PAID,2026-01-06 00:18:00,True
ORD000321,2026-01-04 08:53:00,C0079,P014,1,990.0,0.1,891.0,Mobile App,ภูเก็ต,Notebook,PAY000321,Bank Transfer,PAID,2026-01-04 10:21:00,True
ORD000322,2026-01-21 08:25:00,C0111,P036,1,284.05,0.0,284.05,Web,ขอนแก่น,Notebook,PAY000322,Credit Card,FAILED,2026-01-21 09:29:00,False
ORD000323,2026-01-28 04:05:00,C0151,P032,1,25900.0,0.0,25900.0,Mobile App,ชลบุรี,Notebook,PAY000323,Credit Card,PAID,2026-01-28 04:59:00,True
ORD000324,2026-01-13 14:46:00,C0044,P039,3,891.0,0.1,2405.7000000000003,Mobile App,กรุงเทพมหานคร,Notebook,PAY000324,Bank Transfer,PAID,2026-01-13 17:04:00,True
ORD000325,2026-01-07 06:28:00,C0012,P018,1,4189.5,0.0,4189.5,Mobile App,ขอนแก่น,Smartphone,PAY000325,Credit Card,PAID,2026-01-07 08:31:00,True
ORD000326,2026-01-26 10:56:00,C0100,P008,2,449.1,0.0,898.2,Mobile App,กรุงเทพมหานคร,Accessory,PAY000326,Bank Transfer,REFUNDED,2026-01-26 11:27:00,False
ORD000327,2026-01-09 08:32:00,C0123,P020,3,474.05,0.0,1422.15,Mobile App,ระยอง,Smart Home,PAY000327,PromptPay,PAID,2026-01-09 10:26:00,True
ORD000328,2026-01-23 13:01:00,C0046,P016,2,1341.0,0.0,2682.0,Mobile App,ชลบุรี,Accessory,PAY000328,PromptPay,PAID,2026-01-23 13:55:00,True
ORD000329,2026-01-24 00:32:00,C0140,P008,1,499.0,0.05,474.04999999999995,Marketplace,ภูเก็ต,Accessory,PAY000329,Bank Transfer,PAID,2026-01-24 03:18:00,True
ORD000330,2026-01-12 11:00:00,C0020,P028,3,269.1,0.0,807.3000000000001,Web,ขอนแก่น,Smartphone,PAY000330,PromptPay,PAID,2026-01-12 11:50:00,True
ORD000331,2026-01-24 02:37:00,C0090,P035,1,24605.0,0.0,24605.0,Marketplace,เชียงใหม่,Accessory,PAY000331,Credit Card,PAID,2026-01-24 04:21:00,True
ORD000332,2026-01-23 04:50:00,C0135,P003,2,25900.0,0.05,49210.0,Marketplace,กรุงเทพมหานคร,Smartphone,PAY000332,Bank Transfer,PAID,2026-01-23 05:08:00,True
ORD000333,2026-01-20 03:21:00,C0143,P011,2,25900.0,0.0,51800.0,Web,เชียงใหม่,Accessory,PAY000333,PromptPay,PAID,2026-01-20 05:27:00,True
ORD000334,2026-01-03 11:55:00,C0090,P021,1,24605.0,0.1,22144.5,Mobile App,เชียงใหม่,Smart Home,PAY000334,Credit Card,PAID,2026-01-03 14:23:00,True
ORD000335,2026-01-18 07:01:00,C0114,P019,2,3990.0,0.0,7980.0,Web,เชียงใหม่,Smartphone,PAY000335,Bank Transfer,PAID,2026-01-18 08:42:00,True
ORD000336,2026-01-27 00:17:00,C0058,P021,2,24605.0,0.0,49210.0,Marketplace,ระยอง,Smart Home,PAY000336,Bank Transfer,PAID,2026-01-27 01:36:00,True
ORD000337,2026-01-16 00:09:00,C0061,P019,1,3990.0,0.1,3591.0,Mobile App,ขอนแก่น,Smartphone,PAY000337,Credit Card,PAID,2026-01-16 00:35:00,True
ORD000338,2026-01-27 15:41:00,C0036,P024,2,313.95,0.0,627.9,Marketplace,กรุงเทพมหานคร,Accessory,PAY000338,Bank Transfer,PAID,2026-01-27 17:48:00,True
ORD000339,2026-01-24 07:46:00,C0140,P003,2,24605.0,0.0,49210.0,Web,ภูเก็ต,Smartphone,PAY000339,PromptPay,PAID,2026-01-24 08:27:00,True
ORD000340,2026-01-21 07:12:00,C0040,P005,3,313.95,0.0,941.8499999999999,Mobile App,กรุงเทพมหานคร,Smartphone,PAY000340,Bank Transfer,PAID,2026-01-21 09:33:00,True
ORD000341,2026-01-24 01:27:00,C0159,P012,1,891.0,0.0,891.0,Marketplace,ภูเก็ต,Accessory,PAY000341,Bank Transfer,PAID,2026-01-24 03:27:00,True
ORD000342,2026-01-26 00:15:00,C0029,P036,3,299.0,0.1,807.3000000000001,Web,ขอนแก่น,Notebook,PAY000342,PromptPay,PAID,2026-01-26 01:32:00,True
ORD000343,2026-01-24 15:07:00,C0008,P033,4,12900.0,0.0,51600.0,Mobile App,ขอนแก่น,Smart Home,PAY000343,PromptPay,PAID,2026-01-24 15:32:00,True
ORD000344,2026-01-03 07:19:00,C0140,P032,4,23310.0,0.0,93240.0,Marketplace,ภูเก็ต,Notebook,PAY000344,PromptPay,PAID,2026-01-03 08:00:00,True
ORD000345,2026-01-06 18:55:00,C0129,P012,1,940.5,0.0,940.5,Web,กรุงเทพมหานคร,Accessory,PAY000345,Bank Transfer,PAID,2026-01-06 20:15:00,True
ORD000346,2026-01-17 20:22:00,C0018,P021,4,24605.0,0.0,98420.0,Web,ขอนแก่น,Smart Home,PAY000346,Bank Transfer,PAID,2026-01-17 21:14:00,True
ORD000347,2026-01-02 23:31:00,C0145,P037,1,25900.0,0.0,25900.0,Mobile App,ภูเก็ต,Smart Home,PAY000347,Credit Card,REFUNDED,2026-01-03 02:03:00,False
ORD000348,2026-01-08 09:01:00,C0079,P010,4,891.0,0.0,3564.0,Marketplace,ภูเก็ต,Smart Home,PAY000348,Credit Card,PAID,2026-01-08 10:08:00,True
ORD000349,2026-01-13 15:09:00,C0011,P027,4,23310.0,0.1,83916.0,Mobile App,ชลบุรี,Smartphone,PAY000349,Bank Transfer,PAID,2026-01-13 16:38:00,True
ORD000350,2026-01-11 09:57:00,C0155,P024,2,269.1,0.05,511.29,Mobile App,เชียงใหม่,Accessory,PAY000350,Credit Card,PAID,2026-01-11 11:09:00,True
ORD000351,2026-01-17 17:41:00,C0119,P030,2,499.0,0.0,998.0,Marketplace,ขอนแก่น,Smartphone,PAY000351,Credit Card,PAID,2026-01-17 18:25:00,True
ORD000352,2026-01-21 13:44:00,C0076,P022,1,449.1,0.05,426.645,Marketplace,ระยอง,Accessory,PAY000352,Bank Transfer,PAID,2026-01-21 14:08:00,True
ORD000353,2026-01-22 13:13:00,C0032,P006,1,299.0,0.0,299.0,Marketplace,ระยอง,Accessory,PAY000353,Bank Transfer,PAID,2026-01-22 15:41:00,True
ORD000354,2026-01-19 08:37:00,C0032,P023,1,299.0,0.0,299.0,Marketplace,ระยอง,Accessory,PAY000354,Bank Transfer,PAID,2026-01-19 10:06:00,True
ORD000355,2026-01-10 07:21:00,C0112,P016,1,1564.5,0.0,1564.5,Marketplace,กรุงเทพมหานคร,Accessory,PAY000355,Bank Transfer,PAID,2026-01-10 07:25:00,True
ORD000356,2026-01-02 23:47:00,C0158,P016,2,1564.5,0.05,2972.5499999999997,Marketplace,เชียงใหม่,Accessory,PAY000356,Credit Card,PAID,2026-01-03 01:50:00,True
ORD000357,2026-01-18 15:19:00,C0087,P020,2,449.1,0.05,853.29,Marketplace,กรุงเทพมหานคร,Smart Home,PAY000357,Credit Card,PAID,2026-01-18 17:51:00,True
ORD000358,2026-01-05 18:00:00,C0063,P002,4,1415.5,0.1,5095.8,Mobile App,ระยอง,Smartphone,PAY000358,Credit Card,PAID,2026-01-05 18:03:00,True
ORD000359,2026-01-14 22:16:00,C0151,P016,1,1564.5,0.0,1564.5,Marketplace,ชลบุรี,Accessory,PAY000359,Bank Transfer,PAID,2026-01-14 22:52:00,True
ORD000360,2026-01-24 07:27:00,C0009,P015,2,269.1,0.0,538.2,Marketplace,ภูเก็ต,Notebook,PAY000360,Credit Card,PAID,2026-01-24 09:45:00,True
ORD000361,2026-02-19 02:59:00,C0124,P019,1,4189.5,0.05,3980.0249999999996,Web,กรุงเทพมหานคร,Smartphone,PAY000361,Bank Transfer,PAID,2026-02-19 05:29:00,True
ORD000362,2026-02-20 07:33:00,C0072,P039,2,940.5,0.05,1786.9499999999998,Web,เชียงใหม่,Notebook,PAY000362,PromptPay,PAID,2026-02-20 08:35:00,True
ORD000363,2026-02-08 06:17:00,C0136,P014,2,940.5,0.05,1786.9499999999998,Mobile App,ระยอง,Notebook,PAY000363,PromptPay,PAID,2026-02-08 08:22:00,True
ORD000364,2026-02-16 06:58:00,C0077,P038,2,12900.0,0.0,25800.0,Web,เชียงใหม่,Smartphone,PAY000364,Credit Card,PAID,2026-02-16 07:47:00,True
ORD000365,2026-02-23 13:30:00,C0139,P004,2,1490.0,0.0,2980.0,Marketplace,ระยอง,Smart Home,PAY000365,Credit Card,PAID,2026-02-23 13:35:00,True
ORD000366,2026-02-14 20:28:00,C0088,P004,1,1490.0,0.0,1490.0,Marketplace,ภูเก็ต,Smart Home,PAY000366,Credit Card,PAID,2026-02-14 20:32:00,True
ORD000369,2026-02-22 01:54:00,C0037,P033,3,13545.0,0.0,40635.0,Mobile App,ภูเก็ต,Smart Home,PAY000369,Credit Card,PAID,2026-02-22 03:25:00,True
ORD000370,2026-02-05 13:06:00,C0050,P006,2,284.05,0.05,539.695,Marketplace,เชียงใหม่,Accessory,PAY000370,PromptPay,PAID,2026-02-05 15:17:00,True
ORD000371,2026-02-06 02:30:00,C0155,P029,4,3990.0,0.0,15960.0,Web,เชียงใหม่,Notebook,PAY000371,PromptPay,PAID,2026-02-06 05:03:00,True
ORD000372,2026-02-03 18:30:00,C0096,P025,2,27195.0,0.1,48951.0,Mobile App,กรุงเทพมหานคร,Accessory,PAY000372,Bank Transfer,PAID,2026-02-03 20:56:00,True
ORD000373,2026-02-05 22:22:00,C0081,P028,1,269.1,0.05,255.645,Marketplace,ขอนแก่น,Smartphone,PAY000373,Credit Card,PAID,2026-02-05 23:00:00,True
ORD000374,2026-02-12 03:57:00,C0101,P040,1,3591.0,0.0,3591.0,Web,ภูเก็ต,Accessory,PAY000374,Credit Card,PAID,2026-02-12 05:01:00,True
ORD000375,2026-02-16 10:59:00,C0034,P008,1,474.05,0.05,450.34749999999997,Web,ภูเก็ต,Accessory,PAY000375,PromptPay,PAID,2026-02-16 11:10:00,True
ORD000376,2026-02-26 11:51:00,C0155,P027,4,27195.0,0.0,108780.0,Mobile App,เชียงใหม่,Smartphone,PAY000376,Credit Card,PAID,2026-02-26 13:45:00,True
ORD000377,2026-02-18 10:54:00,C0114,P014,1,891.0,0.0,891.0,Web,เชียงใหม่,Notebook,PAY000377,PromptPay,PAID,2026-02-18 13:06:00,True
ORD000378,2026-02-03 18:47:00,C0118,P002,4,1415.5,0.1,5095.8,Marketplace,ระยอง,Smartphone,PAY000378,Credit Card,PAID,2026-02-03 21:18:00,True
ORD000379,2026-02-26 21:04:00,C0002,P010,1,1039.5,0.05,987.525,Mobile App,ชลบุรี,Smart Home,PAY000379,Credit Card,PAID,2026-02-26 23:45:00,True
ORD000380,2026-02-04 17:51:00,C0045,P026,3,11610.0,0.05,33088.5,Web,เชียงใหม่,Smart Home,PAY000380,PromptPay,PAID,2026-02-04 18:14:00,True
ORD000381,2026-02-09 10:43:00,C0077,P007,1,24605.0,0.0,24605.0,Mobile App,เชียงใหม่,Notebook,PAY000381,Bank Transfer,PAID,2026-02-09 13:34:00,True
ORD000383,2026-02-11 01:20:00,C0022,P026,4,12255.0,0.0,49020.0,Marketplace,กรุงเทพมหานคร,Smart Home,PAY000383,Bank Transfer,REFUNDED,2026-02-11 01:31:00,False
ORD000384,2026-02-14 07:10:00,C0013,P038,1,13545.0,0.05,12867.75,Marketplace,เชียงใหม่,Smartphone,PAY000384,PromptPay,PAID,2026-02-14 07:53:00,True
ORD000385,2026-02-12 03:57:00,C0089,P028,4,299.0,0.0,1196.0,Web,ชลบุรี,Smartphone,PAY000385,Credit Card,PAID,2026-02-12 06:23:00,True
ORD000386,2026-02-20 14:00:00,C0156,P016,1,1341.0,0.1,1206.9,Web,กรุงเทพมหานคร,Accessory,PAY000386,Bank Transfer,FAILED,2026-02-20 14:51:00,False
ORD000387,2026-02-12 10:15:00,C0071,P028,4,313.95,0.0,1255.8,Marketplace,ชลบุรี,Smartphone,PAY000387,Bank Transfer,PAID,2026-02-12 11:47:00,True
ORD000388,2026-02-22 14:44:00,C0100,P018,2,3591.0,0.0,7182.0,Web,กรุงเทพมหานคร,Smartphone,PAY000388,Credit Card,PAID,2026-02-22 17:25:00,True
ORD000389,2026-02-15 15:29:00,C0051,P032,2,25900.0,0.0,51800.0,Marketplace,เชียงใหม่,Notebook,PAY000389,Credit Card,PAID,2026-02-15 18:16:00,True
ORD000390,2026-02-04 07:56:00,C0159,P026,3,11610.0,0.0,34830.0,Mobile App,ภูเก็ต,Smart Home,PAY000390,Bank Transfer,PAID,2026-02-04 09:09:00,True
ORD000391,2026-02-18 08:58:00,C0101,P020,2,449.1,0.0,898.2,Mobile App,ภูเก็ต,Smart Home,PAY000391,Credit Card,PAID,2026-02-18 09:31:00,True
ORD000392,2026-02-26 06:39:00,C0107,P023,1,269.1,0.0,269.1,Mobile App,ระยอง,Accessory,PAY000392,Credit Card,PAID,2026-02-26 08:14:00,True
ORD000393,2026-02-08 21:28:00,C0075,P022,1,449.1,0.0,449.1,Marketplace,ระยอง,Accessory,PAY000393,Credit Card,FAILED,2026-02-09 00:05:00,False
ORD000394,2026-02-06 06:54:00,C0015,P007,2,24605.0,0.1,44289.0,Web,ภูเก็ต,Notebook,PAY000394,Bank Transfer,PAID,2026-02-06 09:38:00,True
ORD000395,2026-02-12 15:38:00,C0008,P020,1,499.0,0.0,499.0,Web,ขอนแก่น,Smart Home,PAY000395,Bank Transfer,PAID,2026-02-12 15:41:00,True
ORD000396,2026-02-13 07:26:00,C0019,P026,3,12900.0,0.1,34830.0,Marketplace,ระยอง,Smart Home,PAY000396,Credit Card,FAILED,2026-02-13 08:27:00,False
ORD000397,2026-02-06 11:40:00,C0015,P040,2,3990.0,0.1,7182.0,Marketplace,ภูเก็ต,Accessory,PAY000397,PromptPay,PAID,2026-02-06 12:31:00,True
ORD000398,2026-02-20 16:01:00,C0095,P040,2,3990.0,0.0,7980.0,Marketplace,ระยอง,Accessory,PAY000398,Credit Card,PAID,2026-02-20 17:09:00,True
ORD000399,2026-02-12 11:47:00,C0102,P026,2,12900.0,0.0,25800.0,Mobile App,ระยอง,Smart Home,PAY000399,Bank Transfer,FAILED,2026-02-12 12:21:00,False
ORD000400,2026-02-19 15:10:00,C0078,P035,4,27195.0,0.0,108780.0,Web,ระยอง,Accessory,PAY000400,PromptPay,PAID,2026-02-19 17:01:00,True
ORD000401,2026-02-16 16:25:00,C0085,P013,3,499.0,0.1,1347.3,Marketplace,กรุงเทพมหานคร,Smart Home,PAY000401,Bank Transfer,PAID,2026-02-16 18:28:00,True
ORD000402,2026-02-16 20:27:00,C0084,P030,1,523.95,0.05,497.7525,Web,กรุงเทพมหานคร,Smartphone,PAY000402,PromptPay,PAID,2026-02-16 23:00:00,True
ORD000403,2026-02-17 06:30:00,C0107,P031,1,1490.0,0.0,1490.0,Mobile App,ระยอง,Smart Home,PAY000403,Credit Card,PAID,2026-02-17 08:01:00,True
ORD000405,2026-02-27 09:47:00,C0070,P001,1,299.0,0.0,299.0,Marketplace,เชียงใหม่,Notebook,PAY000405,PromptPay,PAID,2026-02-27 10:57:00,True
ORD000406,2026-02-04 00:37:00,C0144,P035,3,23310.0,0.0,69930.0,Web,ภูเก็ต,Accessory,PAY000406,Credit Card,PAID,2026-02-04 01:48:00,True
ORD000407,2026-02-28 08:21:00,C0100,P027,4,23310.0,0.1,83916.0,Web,กรุงเทพมหานคร,Smartphone,PAY000407,PromptPay,PAID,2026-02-28 11:09:00,True
ORD000408,2026-02-27 20:30:00,C0047,P032,2,25900.0,0.05,49210.0,Marketplace,ระยอง,Notebook,PAY000408,PromptPay,PAID,2026-02-27 20:36:00,True
ORD000409,2026-02-17 18:03:00,C0071,P035,3,27195.0,0.0,81585.0,Mobile App,ชลบุรี,Accessory,PAY000409,Credit Card,PAID,2026-02-17 18:22:00,True
ORD000411,2026-02-10 01:56:00,C0030,P025,1,25900.0,0.0,25900.0,Mobile App,ชลบุรี,Accessory,PAY000411,Credit Card,PAID,2026-02-10 04:29:00,True
ORD000412,2026-02-11 23:14:00,C0088,P025,2,25900.0,0.0,51800.0,Web,ภูเก็ต,Accessory,PAY000412,Credit Card,PAID,2026-02-12 02:03:00,True
ORD000413,2026-02-12 05:32:00,C0125,P005,2,313.95,0.0,627.9,Web,เชียงใหม่,Smartphone,PAY000413,Bank Transfer,PAID,2026-02-12 07:20:00,True
ORD000414,2026-02-18 15:53:00,C0072,P019,1,3591.0,0.0,3591.0,Web,เชียงใหม่,Smartphone,PAY000414,Credit Card,PAID,2026-02-18 17:19:00,True
ORD000415,2026-02-15 12:42:00,C0007,P037,4,24605.0,0.0,98420.0,Marketplace,กรุงเทพมหานคร,Smart Home,PAY000415,Credit Card,PAID,2026-02-15 13:09:00,True
ORD000416,2026-02-06 05:45:00,C0109,P023,2,299.0,0.0,598.0,Mobile App,กรุงเทพมหานคร,Accessory,PAY000416,Bank Transfer,PAID,2026-02-06 07:35:00,True
ORD000417,2026-02-26 00:25:00,C0075,P013,1,474.05,0.0,474.05,Web,ระยอง,Smart Home,PAY000417,Credit Card,FAILED,2026-02-26 00:38:00,False
ORD000418,2026-02-26 17:39:00,C0097,P018,2,3790.5,0.05,7201.95,Marketplace,เชียงใหม่,Smartphone,PAY000418,Credit Card,PAID,2026-02-26 19:56:00,True
ORD000419,2026-02-12 23:28:00,C0015,P002,1,1341.0,0.1,1206.9,Marketplace,ภูเก็ต,Smartphone,PAY000419,Bank Transfer,PAID,2026-02-13 02:09:00,True
ORD000420,2026-02-09 09:44:00,C0056,P021,1,23310.0,0.1,20979.0,Mobile App,เชียงใหม่,Smart Home,PAY000420,Bank Transfer,PAID,2026-02-09 12:05:00,True
ORD000421,2026-02-14 04:43:00,C0160,P023,3,284.05,0.1,766.9350000000001,Marketplace,กรุงเทพมหานคร,Accessory,PAY000421,Bank Transfer,PAID,2026-02-14 06:37:00,True
ORD000422,2026-02-27 13:36:00,C0160,P001,3,299.0,0.0,897.0,Mobile App,กรุงเทพมหานคร,Notebook,PAY000422,PromptPay,PAID,2026-02-27 16:23:00,True
ORD000423,2026-02-04 18:44:00,C0047,P027,4,24605.0,0.0,98420.0,Web,ระยอง,Smartphone,PAY000423,Bank Transfer,PAID,2026-02-04 21:21:00,True
ORD000424,2026-02-19 22:35:00,C0002,P007,1,24605.0,0.05,23374.75,Web,ชลบุรี,Notebook,PAY000424,Credit Card,PAID,2026-02-19 22:53:00,True
ORD000425,2026-02-17 18:53:00,C0145,P003,2,25900.0,0.0,51800.0,Web,ภูเก็ต,Smartphone,PAY000425,PromptPay,PAID,2026-02-17 21:34:00,True
ORD000426,2026-02-25 09:55:00,C0043,P027,4,25900.0,0.0,103600.0,Web,ระยอง,Smartphone,PAY000426,Credit Card,PAID,2026-02-25 11:08:00,True
ORD000427,2026-02-24 02:11:00,C0137,P027,1,23310.0,0.0,23310.0,Mobile App,ภูเก็ต,Smartphone,PAY000427,PromptPay,FAILED,2026-02-24 05:08:00,False
ORD000428,2026-02-01 09:32:00,C0036,P032,2,27195.0,0.0,54390.0,Mobile App,กรุงเทพมหานคร,Notebook,PAY000428,Bank Transfer,PAID,2026-02-01 11:02:00,True
ORD000429,2026-02-02 17:59:00,C0036,P004,3,1490.0,0.0,4470.0,Web,กรุงเทพมหานคร,Smart Home,PAY000429,PromptPay,PAID,2026-02-02 20:32:00,True
ORD000430,2026-02-19 16:43:00,C0112,P037,4,25900.0,0.1,93240.0,Mobile App,กรุงเทพมหานคร,Smart Home,PAY000430,Bank Transfer,FAILED,2026-02-19 17:12:00,False
ORD000431,2026-02-05 17:40:00,C0017,P019,1,3790.5,0.1,3411.4500000000003,Marketplace,กรุงเทพมหานคร,Smartphone,PAY000431,Credit Card,PAID,2026-02-05 18:01:00,True
ORD000432,2026-02-04 04:23:00,C0119,P025,4,25900.0,0.0,103600.0,Marketplace,ขอนแก่น,Accessory,PAY000432,PromptPay,PAID,2026-02-04 06:56:00,True
ORD000433,2026-02-11 22:26:00,C0043,P009,2,284.05,0.05,539.695,Mobile App,ระยอง,Notebook,PAY000433,Bank Transfer,PAID,2026-02-11 23:59:00,True
ORD000434,2026-02-23 16:44:00,C0114,P025,1,25900.0,0.1,23310.0,Mobile App,เชียงใหม่,Accessory,PAY000434,Bank Transfer,PAID,2026-02-23 19:04:00,True
ORD000435,2026-02-13 04:16:00,C0130,P010,2,891.0,0.05,1692.8999999999999,Mobile App,ภูเก็ต,Smart Home,PAY000435,PromptPay,PAID,2026-02-13 06:40:00,True
ORD000436,2026-02-20 09:07:00,C0154,P009,1,299.0,0.1,269.1,Marketplace,เชียงใหม่,Notebook,PAY000436,Bank Transfer,REFUNDED,2026-02-20 11:55:00,False
ORD000437,2026-02-24 08:52:00,C0059,P014,2,990.0,0.0,1980.0,Web,ระยอง,Notebook,PAY000437,PromptPay,PAID,2026-02-24 11:51:00,True
ORD000438,2026-02-03 17:34:00,C0106,P035,4,27195.0,0.0,108780.0,Mobile App,ภูเก็ต,Accessory,PAY000438,Credit Card,REFUNDED,2026-02-03 19:53:00,False
ORD000439,2026-02-20 02:29:00,C0112,P002,3,1564.5,0.0,4693.5,Mobile App,กรุงเทพมหานคร,Smartphone,PAY000439,Credit Card,PAID,2026-02-20 05:19:00,True
ORD000440,2026-02-22 17:06:00,C0063,P008,2,449.1,0.0,898.2,Web,ระยอง,Accessory,PAY000440,Credit Card,PAID,2026-02-22 18:29:00,True
ORD000441,2026-02-22 07:08:00,C0032,P024,1,299.0,0.0,299.0,Mobile App,ระยอง,Accessory,PAY000441,Bank Transfer,PAID,2026-02-22 07:12:00,True
ORD000442,2026-02-23 13:16:00,C0105,P010,1,1039.5,0.1,935.5500000000001,Marketplace,ภูเก็ต,Smart Home,PAY000442,PromptPay,PAID,2026-02-23 14:37:00,True
ORD000443,2026-02-19 19:44:00,C0117,P003,4,24605.0,0.0,98420.0,Web,ชลบุรี,Smartphone,PAY000443,PromptPay,PAID,2026-02-19 19:47:00,True
ORD000444,2026-02-12 16:42:00,C0030,P030,3,499.0,0.0,1497.0,Marketplace,ชลบุรี,Smartphone,PAY000444,PromptPay,PAID,2026-02-12 17:48:00,True
ORD000445,2026-02-10 13:38:00,C0054,P025,1,24605.0,0.0,24605.0,Mobile App,กรุงเทพมหานคร,Accessory,PAY000445,Bank Transfer,PAID,2026-02-10 14:36:00,True
ORD000446,2026-02-09 12:07:00,C0062,P012,1,990.0,0.0,990.0,Mobile App,ระยอง,Accessory,PAY000446,Bank Transfer,PAID,2026-02-09 13:35:00,True
ORD000447,2026-02-24 03:42:00,C0085,P024,1,313.95,0.0,313.95,Mobile App,กรุงเทพมหานคร,Accessory,PAY000447,PromptPay,PAID,2026-02-24 03:49:00,True
ORD000448,2026-02-15 13:01:00,C0096,P004,2,1341.0,0.05,2547.9,Web,กรุงเทพมหานคร,Smart Home,PAY000448,PromptPay,PAID,2026-02-15 15:20:00,True
ORD000449,2026-02-27 08:06:00,C0038,P031,3,1341.0,0.0,4023.0,Web,ชลบุรี,Smart Home,PAY000449,Credit Card,PAID,2026-02-27 08:23:00,True
ORD000450,2026-02-08 18:36:00,C0037,P011,1,25900.0,0.0,25900.0,Marketplace,ภูเก็ต,Accessory,PAY000450,Credit Card,PAID,2026-02-08 20:03:00,True
ORD000451,2026-02-15 01:08:00,C0028,P032,4,27195.0,0.05,103341.0,Marketplace,ขอนแก่น,Notebook,PAY000451,Bank Transfer,PAID,2026-02-15 03:31:00,True
ORD000452,2026-02-12 08:11:00,C0022,P005,4,299.0,0.0,1196.0,Mobile App,กรุงเทพมหานคร,Smartphone,PAY000452,Credit Card,PAID,2026-02-12 11:02:00,True
ORD000453,2026-02-02 03:17:00,C0105,P040,3,3990.0,0.05,11371.5,Web,ภูเก็ต,Accessory,PAY000453,PromptPay,PAID,2026-02-02 05:28:00,True
ORD000454,2026-02-17 21:52:00,C0087,P011,1,27195.0,0.05,25835.25,Mobile App,กรุงเทพมหานคร,Accessory,PAY000454,Bank Transfer,PAID,2026-02-17 23:01:00,True
ORD000455,2026-02-16 21:58:00,C0052,P022,3,523.95,0.0,1571.8500000000001,Web,ระยอง,Accessory,PAY000455,Credit Card,REFUNDED,2026-02-16 22:02:00,False
ORD000456,2026-02-19 18:32:00,C0155,P039,3,990.0,0.1,2673.0,Web,เชียงใหม่,Notebook,PAY000456,Bank Transfer,PAID,2026-02-19 19:21:00,True
ORD000458,2026-02-12 13:21:00,C0097,P040,3,3790.5,0.0,11371.5,Web,เชียงใหม่,Accessory,PAY000458,Bank Transfer,REFUNDED,2026-02-12 14:59:00,False
ORD000459,2026-02-24 08:54:00,C0070,P036,3,299.0,0.1,807.3000000000001,Mobile App,เชียงใหม่,Notebook,PAY000459,Credit Card,FAILED,2026-02-24 11:23:00,False
ORD000460,2026-02-17 04:59:00,C0040,P011,3,27195.0,0.0,81585.0,Mobile App,กรุงเทพมหานคร,Accessory,PAY000460,Bank Transfer,PAID,2026-02-17 05:29:00,True
ORD000461,2026-02-12 00:01:00,C0143,P015,2,299.0,0.1,538.2,Mobile App,เชียงใหม่,Notebook,PAY000461,PromptPay,PAID,2026-02-12 01:41:00,True
ORD000462,2026-02-28 03:21:00,C0077,P003,2,25900.0,0.05,49210.0,Mobile App,เชียงใหม่,Smartphone,PAY000462,Bank Transfer,PAID,2026-02-28 03:51:00,True
ORD000463,2026-02-20 13:20:00,C0062,P030,4,523.95,0.0,2095.8,Marketplace,ระยอง,Smartphone,PAY000463,PromptPay,PAID,2026-02-20 14:06:00,True
ORD000465,2026-02-12 07:50:00,C0002,P011,1,27195.0,0.1,24475.5,Mobile App,ชลบุรี,Accessory,PAY000465,PromptPay,PAID,2026-02-12 09:18:00,True
ORD000466,2026-02-17 18:53:00,C0044,P004,1,1341.0,0.0,1341.0,Mobile App,กรุงเทพมหานคร,Smart Home,PAY000466,Bank Transfer,PAID,2026-02-17 19:26:00,True
ORD000467,2026-02-26 11:09:00,C0117,P017,4,990.0,0.1,3564.0,Mobile App,ชลบุรี,Smartphone,PAY000467,PromptPay,PAID,2026-02-26 13:26:00,True
ORD000468,2026-02-15 08:18:00,C0125,P008,1,449.1,0.0,449.1,Mobile App,เชียงใหม่,Accessory,PAY000468,Credit Card,FAILED,2026-02-15 09:00:00,False
ORD000469,2026-02-20 23:00:00,C0033,P004,4,1415.5,0.05,5378.9,Marketplace,ระยอง,Smart Home,PAY000469,Bank Transfer,PAID,2026-02-21 00:18:00,True
ORD000470,2026-02-21 21:44:00,C0076,P004,2,1415.5,0.0,2831.0,Mobile App,ระยอง,Smart Home,PAY000470,Credit Card,PAID,2026-02-22 00:16:00,True
ORD000471,2026-02-13 13:59:00,C0068,P032,4,27195.0,0.0,108780.0,Web,ขอนแก่น,Notebook,PAY000471,PromptPay,PAID,2026-02-13 14:43:00,True
ORD000472,2026-02-06 07:32:00,C0155,P017,2,1039.5,0.1,1871.1000000000001,Mobile App,เชียงใหม่,Smartphone,PAY000472,Credit Card,PAID,2026-02-06 09:03:00,True
ORD000473,2026-02-06 17:53:00,C0059,P005,1,299.0,0.0,299.0,Marketplace,ระยอง,Smartphone,PAY000473,Credit Card,PAID,2026-02-06 19:42:00,True
ORD000474,2026-02-05 22:44:00,C0008,P019,1,4189.5,0.0,4189.5,Web,ขอนแก่น,Smartphone,PAY000474,PromptPay,PAID,2026-02-05 23:58:00,True
ORD000475,2026-02-15 05:43:00,C0085,P018,2,3790.5,0.0,7581.0,Web,กรุงเทพมหานคร,Smartphone,PAY000475,Credit Card,PAID,2026-02-15 07:58:00,True
ORD000476,2026-02-10 18:54:00,C0006,P018,1,4189.5,0.0,4189.5,Mobile App,ระยอง,Smartphone,PAY000476,PromptPay,PAID,2026-02-10 21:18:00,True
ORD000477,2026-02-28 08:44:00,C0092,P031,3,1341.0,0.0,4023.0,Marketplace,กรุงเทพมหานคร,Smart Home,PAY000477,Credit Card,PAID,2026-02-28 11:14:00,True
ORD000478,2026-02-18 15:30:00,C0097,P038,4,12900.0,0.0,51600.0,Web,เชียงใหม่,Smartphone,PAY000478,Credit Card,PAID,2026-02-18 15:59:00,True
ORD000479,2026-02-22 17:01:00,C0013,P009,1,269.1,0.0,269.1,Mobile App,เชียงใหม่,Notebook,PAY000479,Credit Card,PAID,2026-02-22 17:26:00,True
ORD000480,2026-02-16 08:07:00,C0029,P018,1,3790.5,0.0,3790.5,Mobile App,ขอนแก่น,Smartphone,PAY000480,Credit Card,PAID,2026-02-16 09:11:00,True
ORD000481,2026-02-25 14:58:00,C0052,P034,1,299.0,0.0,299.0,Web,ระยอง,Accessory,PAY000481,PromptPay,PAID,2026-02-25 17:06:00,True
ORD000482,2026-02-28 09:31:00,C0036,P038,1,13545.0,0.0,13545.0,Web,กรุงเทพมหานคร,Smartphone,PAY000482,Credit Card,PAID,2026-02-28 10:00:00,True
ORD000483,2026-02-04 18:05:00,C0010,P037,2,25900.0,0.0,51800.0,Marketplace,ชลบุรี,Smart Home,PAY000483,PromptPay,PAID,2026-02-04 19:05:00,True
ORD000484,2026-02-01 01:38:00,C0048,P016,1,1564.5,0.0,1564.5,Marketplace,กรุงเทพมหานคร,Accessory,PAY000484,Bank Transfer,PAID,2026-02-01 02:25:00,True
ORD000485,2026-02-23 04:34:00,C0095,P017,4,891.0,0.0,3564.0,Web,ระยอง,Smartphone,PAY000485,PromptPay,PAID,2026-02-23 05:43:00,True
ORD000486,2026-02-02 16:24:00,C0141,P021,2,23310.0,0.0,46620.0,Mobile App,กรุงเทพมหานคร,Smart Home,PAY000486,Credit Card,FAILED,2026-02-02 17:25:00,False
ORD000487,2026-02-03 22:11:00,C0092,P010,1,990.0,0.0,990.0,Mobile App,กรุงเทพมหานคร,Smart Home,PAY000487,PromptPay,PAID,2026-02-03 23:18:00,True
ORD000488,2026-02-21 22:27:00,C0073,P037,4,27195.0,0.0,108780.0,Web,ขอนแก่น,Smart Home,PAY000488,Credit Card,FAILED,2026-02-22 00:35:00,False
ORD000489,2026-02-21 22:56:00,C0103,P010,1,990.0,0.0,990.0,Web,ขอนแก่น,Smart Home,PAY000489,PromptPay,PAID,2026-02-21 23:12:00,True
ORD000490,2026-02-05 06:12:00,C0067,P028,1,299.0,0.0,299.0,Web,ชลบุรี,Smartphone,PAY000490,PromptPay,PAID,2026-02-05 09:10:00,True
ORD000491,2026-02-03 19:24:00,C0090,P026,1,12255.0,0.05,11642.25,Web,เชียงใหม่,Smart Home,PAY000491,PromptPay,FAILED,2026-02-03 21:22:00,False
ORD000492,2026-02-18 23:25:00,C0105,P014,1,990.0,0.0,990.0,Marketplace,ภูเก็ต,Notebook,PAY000492,PromptPay,PAID,2026-02-19 01:29:00,True
ORD000493,2026-02-24 06:43:00,C0140,P022,4,499.0,0.0,1996.0,Web,ภูเก็ต,Accessory,PAY000493,Bank Transfer,PAID,2026-02-24 08:59:00,True
ORD000494,2026-02-21 18:46:00,C0091,P025,1,24605.0,0.0,24605.0,Marketplace,ชลบุรี,Accessory,PAY000494,Bank Transfer,PAID,2026-02-21 20:31:00,True
ORD000495,2026-02-01 10:05:00,C0016,P016,2,1490.0,0.05,2831.0,Web,ชลบุรี,Accessory,PAY000495,Bank Transfer,PAID,2026-02-01 12:28:00,True
ORD000496,2026-02-08 04:50:00,C0007,P022,4,499.0,0.1,1796.4,Web,กรุงเทพมหานคร,Accessory,PAY000496,Credit Card,PAID,2026-02-08 06:57:00,True
ORD000497,2026-02-24 17:26:00,C0138,P028,1,269.1,0.1,242.19000000000003,Marketplace,กรุงเทพมหานคร,Smartphone,PAY000497,PromptPay,FAILED,2026-02-24 19:35:00,False
ORD000498,2026-02-06 11:28:00,C0047,P003,2,24605.0,0.0,49210.0,Marketplace,ระยอง,Smartphone,PAY000498,Credit Card,PAID,2026-02-06 12:55:00,True
ORD000499,2026-02-07 15:12:00,C0157,P024,1,269.1,0.0,269.1,Mobile App,ระยอง,Accessory,PAY000499,Credit Card,PAID,2026-02-07 18:08:00,True
ORD000500,2026-02-12 10:25:00,C0106,P031,4,1490.0,0.1,5364.0,Web,ภูเก็ต,Smart Home,PAY000500,PromptPay,FAILED,2026-02-12 12:58:00,False
ORD000501,2026-02-27 02:25:00,C0024,P001,1,284.05,0.0,284.05,Marketplace,กรุงเทพมหานคร,Notebook,PAY000501,Credit Card,PAID,2026-02-27 03:05:00,True
ORD000502,2026-02-19 12:08:00,C0013,P040,1,3591.0,0.1,3231.9,Mobile App,เชียงใหม่,Accessory,PAY000502,PromptPay,PAID,2026-02-19 13:32:00,True
ORD000503,2026-02-10 11:55:00,C0022,P030,4,474.05,0.0,1896.2,Mobile App,กรุงเทพมหานคร,Smartphone,PAY000503,Credit Card,PAID,2026-02-10 13:59:00,True
ORD000504,2026-02-18 05:44:00,C0091,P005,2,313.95,0.0,627.9,Mobile App,ชลบุรี,Smartphone,PAY000504,Bank Transfer,PAID,2026-02-18 08:14:00,True
ORD000505,2026-02-02 01:42:00,C0148,P031,1,1341.0,0.0,1341.0,Web,เชียงใหม่,Smart Home,PAY000505,PromptPay,PAID,2026-02-02 04:01:00,True
ORD000506,2026-02-19 13:26:00,C0153,P007,2,27195.0,0.0,54390.0,Mobile App,ขอนแก่น,Notebook,PAY000506,PromptPay,PAID,2026-02-19 15:34:00,True
ORD000507,2026-02-24 12:52:00,C0126,P011,1,25900.0,0.0,25900.0,Web,เชียงใหม่,Accessory,PAY000507,PromptPay,PAID,2026-02-24 12:54:00,True
ORD000508,2026-02-20 22:36:00,C0129,P009,3,299.0,0.0,897.0,Mobile App,กรุงเทพมหานคร,Notebook,PAY000508,Bank Transfer,PAID,2026-02-21 01:11:00,True
ORD000510,2026-02-10 22:52:00,C0153,P010,4,1039.5,0.0,4158.0,Web,ขอนแก่น,Smart Home,PAY000510,PromptPay,PAID,2026-02-10 23:17:00,True
ORD000511,2026-02-24 16:52:00,C0106,P031,1,1490.0,0.1,1341.0,Web,ภูเก็ต,Smart Home,PAY000511,Bank Transfer,PAID,2026-02-24 17:18:00,True
ORD000512,2026-02-10 17:11:00,C0036,P017,4,1039.5,0.05,3950.1,Mobile App,กรุงเทพมหานคร,Smartphone,PAY000512,Credit Card,PAID,2026-02-10 18:03:00,True
ORD000513,2026-02-25 01:56:00,C0012,P022,1,474.05,0.0,474.05,Web,ขอนแก่น,Accessory,PAY000513,Bank Transfer,PAID,2026-02-25 02:57:00,True
ORD000514,2026-02-03 09:09:00,C0028,P023,3,313.95,0.05,894.7574999999998,Web,ขอนแก่น,Accessory,PAY000514,Credit Card,PAID,2026-02-03 10:51:00,True
ORD000515,2026-02-02 13:51:00,C0030,P012,3,990.0,0.1,2673.0,Web,ชลบุรี,Accessory,PAY000515,Bank Transfer,PAID,2026-02-02 16:29:00,True
ORD000516,2026-02-11 03:07:00,C0047,P002,2,1341.0,0.1,2413.8,Mobile App,ระยอง,Smartphone,PAY000516,PromptPay,PAID,2026-02-11 04:55:00,True
ORD000517,2026-02-01 04:57:00,C0029,P003,3,25900.0,0.0,77700.0,Marketplace,ขอนแก่น,Smartphone,PAY000517,PromptPay,PAID,2026-02-01 07:07:00,True
ORD000518,2026-02-05 13:30:00,C0110,P015,1,299.0,0.0,299.0,Marketplace,เชียงใหม่,Notebook,PAY000518,Credit Card,PAID,2026-02-05 14:49:00,True
ORD000519,2026-02-26 04:26:00,C0012,P033,1,12900.0,0.0,12900.0,Mobile App,ขอนแก่น,Smart Home,PAY000519,Bank Transfer,PAID,2026-02-26 06:37:00,True
ORD000520,2026-02-06 15:46:00,C0114,P037,1,23310.0,0.1,20979.0,Marketplace,เชียงใหม่,Smart Home,PAY000520,Bank Transfer,PAID,2026-02-06 18:04:00,True
ORD000521,2026-02-08 11:24:00,C0020,P017,1,990.0,0.0,990.0,Marketplace,ขอนแก่น,Smartphone,PAY000521,PromptPay,PAID,2026-02-08 11:39:00,True
ORD000522,2026-02-03 16:16:00,C0159,P002,2,1490.0,0.1,2682.0,Mobile App,ภูเก็ต,Smartphone,PAY000522,Bank Transfer,PAID,2026-02-03 18:43:00,True
ORD000523,2026-02-13 06:28:00,C0077,P032,2,25900.0,0.05,49210.0,Marketplace,เชียงใหม่,Notebook,PAY000523,Bank Transfer,PAID,2026-02-13 07:08:00,True
ORD000524,2026-02-21 20:40:00,C0140,P011,1,25900.0,0.05,24605.0,Mobile App,ภูเก็ต,Accessory,PAY000524,PromptPay,PAID,2026-02-21 21:30:00,True
ORD000525,2026-02-06 05:17:00,C0124,P040,1,3990.0,0.0,3990.0,Marketplace,กรุงเทพมหานคร,Accessory,PAY000525,Credit Card,PAID,2026-02-06 07:54:00,True
ORD000526,2026-02-23 05:53:00,C0140,P007,1,25900.0,0.0,25900.0,Web,ภูเก็ต,Notebook,PAY000526,Bank Transfer,PAID,2026-02-23 07:06:00,True
ORD000527,2026-02-27 01:27:00,C0154,P036,3,313.95,0.1,847.665,Mobile App,เชียงใหม่,Notebook,PAY000527,Bank Transfer,FAILED,2026-02-27 02:07:00,False
ORD000528,2026-02-12 17:29:00,C0118,P030,2,499.0,0.05,948.0999999999999,Marketplace,ระยอง,Smartphone,PAY000528,Credit Card,PAID,2026-02-12 17:43:00,True
ORD000529,2026-02-18 00:14:00,C0071,P039,2,1039.5,0.05,1975.05,Web,ชลบุรี,Notebook,PAY000529,Bank Transfer,PAID,2026-02-18 03:14:00,True
ORD000530,2026-02-06 08:19:00,C0023,P036,1,299.0,0.0,299.0,Marketplace,กรุงเทพมหานคร,Notebook,PAY000530,PromptPay,PAID,2026-02-06 09:06:00,True
ORD000531,2026-02-28 13:46:00,C0009,P035,1,25900.0,0.1,23310.0,Marketplace,ภูเก็ต,Accessory,PAY000531,Bank Transfer,PAID,2026-02-28 15:31:00,True
ORD000532,2026-02-09 23:58:00,C0135,P020,1,499.0,0.0,499.0,Mobile App,กรุงเทพมหานคร,Smart Home,PAY000532,Bank Transfer,FAILED,2026-02-10 02:08:00,False
ORD000533,2026-02-25 22:30:00,C0117,P035,2,25900.0,0.1,46620.0,Mobile App,ชลบุรี,Accessory,PAY000533,Bank Transfer,PAID,2026-02-26 00:07:00,True
ORD000534,2026-02-17 15:31:00,C0134,P015,1,313.95,0.0,313.95,Marketplace,ภูเก็ต,Notebook,PAY000534,Bank Transfer,PAID,2026-02-17 16:22:00,True
ORD000535,2026-02-05 23:37:00,C0068,P018,1,3790.5,0.1,3411.4500000000003,Mobile App,ขอนแก่น,Smartphone,PAY000535,Credit Card,PAID,2026-02-06 02:27:00,True
ORD000536,2026-02-03 06:33:00,C0015,P013,2,499.0,0.0,998.0,Mobile App,ภูเก็ต,Smart Home,PAY000536,Credit Card,PAID,2026-02-03 07:43:00,True
ORD000537,2026-02-16 23:58:00,C0073,P031,1,1490.0,0.05,1415.5,Web,ขอนแก่น,Smart Home,PAY000537,Credit Card,PAID,2026-02-17 01:55:00,True
ORD000538,2026-02-20 19:01:00,C0133,P015,3,269.1,0.1,726.57,Mobile App,ภูเก็ต,Notebook,PAY000538,Bank Transfer,PAID,2026-02-20 20:34:00,True
ORD000539,2026-02-23 19:29:00,C0003,P001,1,284.05,0.0,284.05,Marketplace,ขอนแก่น,Notebook,PAY000539,Bank Transfer,PAID,2026-02-23 20:24:00,True
ORD000540,2026-02-14 08:20:00,C0017,P029,1,3790.5,0.1,3411.4500000000003,Marketplace,กรุงเทพมหานคร,Notebook,PAY000540,Bank Transfer,PAID,2026-02-14 08:44:00,True
ORD000541,2026-02-10 16:41:00,C0094,P030,1,499.0,0.0,499.0,Web,ขอนแก่น,Smartphone,PAY000541,PromptPay,PAID,2026-02-10 17:08:00,True
ORD000542,2026-02-15 18:56:00,C0030,P021,1,27195.0,0.1,24475.5,Marketplace,ชลบุรี,Smart Home,PAY000542,Bank Transfer,PAID,2026-02-15 21:18:00,True
ORD000543,2026-02-23 13:02:00,C0108,P022,4,449.1,0.0,1796.4,Web,เชียงใหม่,Accessory,PAY000543,PromptPay,PAID,2026-02-23 15:46:00,True
ORD000544,2026-02-21 01:50:00,C0125,P022,1,499.0,0.0,499.0,Mobile App,เชียงใหม่,Accessory,PAY000544,Bank Transfer,PAID,2026-02-21 01:59:00,True
ORD000545,2026-02-15 21:06:00,C0148,P010,2,990.0,0.0,1980.0,Marketplace,เชียงใหม่,Smart Home,PAY000545,Bank Transfer,PAID,2026-02-15 23:59:00,True
ORD000546,2026-02-13 10:01:00,C0004,P016,1,1415.5,0.0,1415.5,Marketplace,กรุงเทพมหานคร,Accessory,PAY000546,Credit Card,PAID,2026-02-13 12:28:00,True
ORD000547,2026-02-08 07:16:00,C0008,P039,1,940.5,0.0,940.5,Web,ขอนแก่น,Notebook,PAY000547,PromptPay,PAID,2026-02-08 09:07:00,True
ORD000548,2026-02-25 01:20:00,C0121,P007,1,24605.0,0.0,24605.0,Mobile App,กรุงเทพมหานคร,Notebook,PAY000548,Credit Card,PAID,2026-02-25 02:01:00,True
ORD000549,2026-02-17 10:45:00,C0086,P004,2,1490.0,0.0,2980.0,Marketplace,กรุงเทพมหานคร,Smart Home,PAY000549,PromptPay,FAILED,2026-02-17 12:26:00,False
ORD000551,2026-02-10 16:42:00,C0105,P005,2,313.95,0.1,565.11,Marketplace,ภูเก็ต,Smartphone,PAY000551,Credit Card,PAID,2026-02-10 17:37:00,True
ORD000552,2026-02-06 04:25:00,C0066,P004,1,1490.0,0.1,1341.0,Web,ระยอง,Smart Home,PAY000552,Credit Card,PAID,2026-02-06 04:31:00,True
ORD000553,2026-02-28 22:02:00,C0074,P028,2,313.95,0.05,596.505,Marketplace,ขอนแก่น,Smartphone,PAY000553,PromptPay,REFUNDED,2026-03-01 00:58:00,False
ORD000554,2026-02-19 09:59:00,C0028,P010,1,891.0,0.1,801.9,Marketplace,ขอนแก่น,Smart Home,PAY000554,PromptPay,PAID,2026-02-19 12:46:00,True
ORD000555,2026-02-05 00:05:00,C0085,P007,4,25900.0,0.05,98420.0,Marketplace,กรุงเทพมหานคร,Notebook,PAY000555,PromptPay,PAID,2026-02-05 00:49:00,True
ORD000556,2026-02-07 07:32:00,C0004,P032,2,23310.0,0.0,46620.0,Marketplace,กรุงเทพมหานคร,Notebook,PAY000556,PromptPay,PAID,2026-02-07 09:10:00,True
ORD000557,2026-02-06 22:59:00,C0065,P025,4,27195.0,0.05,103341.0,Marketplace,ขอนแก่น,Accessory,PAY000557,Credit Card,PAID,2026-02-07 01:48:00,True
ORD000558,2026-02-17 17:23:00,C0052,P034,2,313.95,0.1,565.11,Marketplace,ระยอง,Accessory,PAY000558,Credit Card,PAID,2026-02-17 18:58:00,True
ORD000559,2026-02-26 16:49:00,C0123,P028,1,269.1,0.0,269.1,Marketplace,ระยอง,Smartphone,PAY000559,PromptPay,PAID,2026-02-26 19:06:00,True
ORD000560,2026-02-22 20:33:00,C0151,P005,4,284.05,0.0,1136.2,Mobile App,ชลบุรี,Smartphone,PAY000560,PromptPay,PAID,2026-02-22 22:23:00,True
ORD000561,2026-02-19 10:31:00,C0005,P014,1,940.5,0.1,846.45,Mobile App,ระยอง,Notebook,PAY000561,PromptPay,PAID,2026-02-19 11:12:00,True
ORD000562,2026-02-28 19:55:00,C0074,P019,1,4189.5,0.1,3770.55,Marketplace,ขอนแก่น,Smartphone,PAY000562,Credit Card,PAID,2026-02-28 19:58:00,True
ORD000563,2026-02-08 03:06:00,C0125,P037,4,23310.0,0.0,93240.0,Marketplace,เชียงใหม่,Smart Home,PAY000563,PromptPay,PAID,2026-02-08 06:03:00,True
ORD000564,2026-02-18 21:40:00,C0147,P023,4,299.0,0.0,1196.0,Mobile App,ชลบุรี,Accessory,PAY000564,Bank Transfer,PAID,2026-02-18 22:15:00,True
ORD000565,2026-02-03 17:43:00,C0132,P029,1,3990.0,0.0,3990.0,Web,ชลบุรี,Notebook,PAY000565,Credit Card,PAID,2026-02-03 18:29:00,True
ORD000566,2026-02-04 22:02:00,C0154,P020,3,523.95,0.0,1571.8500000000001,Marketplace,เชียงใหม่,Smart Home,PAY000566,Bank Transfer,PAID,2026-02-05 00:53:00,True
ORD000567,2026-02-09 01:16:00,C0059,P017,3,990.0,0.05,2821.5,Mobile App,ระยอง,Smartphone,PAY000567,Credit Card,PAID,2026-02-09 03:19:00,True
ORD000568,2026-02-08 23:09:00,C0108,P008,2,474.05,0.1,853.2900000000001,Web,เชียงใหม่,Accessory,PAY000568,Credit Card,PAID,2026-02-09 01:35:00,True
ORD000569,2026-02-19 22:57:00,C0113,P010,2,891.0,0.05,1692.8999999999999,Marketplace,ระยอง,Smart Home,PAY000569,Bank Transfer,PAID,2026-02-19 23:27:00,True
ORD000570,2026-02-01 02:53:00,C0030,P014,1,1039.5,0.0,1039.5,Marketplace,ชลบุรี,Notebook,PAY000570,PromptPay,PAID,2026-02-01 04:22:00,True
ORD000571,2026-02-10 19:27:00,C0040,P005,1,299.0,0.0,299.0,Mobile App,กรุงเทพมหานคร,Smartphone,PAY000571,Bank Transfer,PAID,2026-02-10 21:38:00,True
ORD000573,2026-02-25 19:17:00,C0115,P040,3,3591.0,0.05,10234.35,Marketplace,ระยอง,Accessory,PAY000573,PromptPay,FAILED,2026-02-25 21:11:00,False
ORD000574,2026-02-03 11:10:00,C0010,P022,3,499.0,0.0,1497.0,Mobile App,ชลบุรี,Accessory,PAY000574,Bank Transfer,PAID,2026-02-03 11:32:00,True
ORD000575,2026-02-22 06:29:00,C0154,P015,3,284.05,0.0,852.1500000000001,Marketplace,เชียงใหม่,Notebook,PAY000575,Bank Transfer,PAID,2026-02-22 07:41:00,True
ORD000576,2026-02-27 01:43:00,C0014,P003,2,27195.0,0.0,54390.0,Mobile App,ขอนแก่น,Smartphone,PAY000576,PromptPay,PAID,2026-02-27 02:04:00,True
ORD000577,2026-02-28 21:05:00,C0030,P020,1,449.1,0.0,449.1,Mobile App,ชลบุรี,Smart Home,PAY000577,Bank Transfer,PAID,2026-02-28 22:47:00,True
ORD000578,2026-02-09 03:11:00,C0039,P003,4,23310.0,0.05,88578.0,Marketplace,กรุงเทพมหานคร,Smartphone,PAY000578,PromptPay,PAID,2026-02-09 05:17:00,True
ORD000579,2026-02-08 06:46:00,C0086,P001,2,269.1,0.0,538.2,Mobile App,กรุงเทพมหานคร,Notebook,PAY000579,Credit Card,PAID,2026-02-08 08:16:00,True
ORD000580,2026-02-26 23:03:00,C0110,P033,2,11610.0,0.0,23220.0,Web,เชียงใหม่,Smart Home,PAY000580,Bank Transfer,PAID,2026-02-26 23:54:00,True
ORD000581,2026-02-19 23:30:00,C0036,P017,2,990.0,0.05,1881.0,Marketplace,กรุงเทพมหานคร,Smartphone,PAY000581,Credit Card,PAID,2026-02-20 00:05:00,True
ORD000582,2026-02-06 04:51:00,C0134,P016,2,1415.5,0.0,2831.0,Mobile App,ภูเก็ต,Accessory,PAY000582,PromptPay,PAID,2026-02-06 07:43:00,True
ORD000583,2026-02-19 14:04:00,C0025,P032,2,27195.0,0.0,54390.0,Web,ชลบุรี,Notebook,PAY000583,PromptPay,PAID,2026-02-19 14:16:00,True
ORD000584,2026-02-18 20:32:00,C0039,P027,3,25900.0,0.1,69930.0,Marketplace,กรุงเทพมหานคร,Smartphone,PAY000584,PromptPay,PAID,2026-02-18 21:27:00,True
ORD000585,2026-02-23 05:34:00,C0028,P028,2,299.0,0.1,538.2,Web,ขอนแก่น,Smartphone,PAY000585,Bank Transfer,PAID,2026-02-23 06:15:00,True
ORD000586,2026-02-25 15:32:00,C0133,P017,4,891.0,0.0,3564.0,Mobile App,ภูเก็ต,Smartphone,PAY000586,PromptPay,PAID,2026-02-25 15:50:00,True
ORD000587,2026-02-27 14:35:00,C0153,P015,1,299.0,0.1,269.1,Mobile App,ขอนแก่น,Notebook,PAY000587,Credit Card,PAID,2026-02-27 15:37:00,True
ORD000588,2026-02-10 23:33:00,C0038,P032,1,23310.0,0.0,23310.0,Mobile App,ชลบุรี,Notebook,PAY000588,PromptPay,PAID,2026-02-11 01:52:00,True
ORD000589,2026-02-28 02:47:00,C0031,P038,1,12255.0,0.0,12255.0,Mobile App,กรุงเทพมหานคร,Smartphone,PAY000589,Credit Card,PAID,2026-02-28 03:15:00,True
ORD000590,2026-02-27 17:19:00,C0139,P021,1,23310.0,0.0,23310.0,Marketplace,ระยอง,Smart Home,PAY000590,Bank Transfer,PAID,2026-02-27 17:53:00,True
ORD000591,2026-02-14 09:53:00,C0039,P017,1,990.0,0.0,990.0,Marketplace,กรุงเทพมหานคร,Smartphone,PAY000591,PromptPay,PAID,2026-02-14 11:09:00,True
ORD000592,2026-02-14 17:35:00,C0094,P011,2,27195.0,0.0,54390.0,Marketplace,ขอนแก่น,Accessory,PAY000592,Bank Transfer,PAID,2026-02-14 17:48:00,True
ORD000593,2026-02-13 02:48:00,C0110,P009,2,299.0,0.0,598.0,Web,เชียงใหม่,Notebook,PAY000593,Credit Card,PAID,2026-02-13 05:11:00,True
ORD000594,2026-02-10 13:19:00,C0101,P005,1,299.0,0.0,299.0,Marketplace,ภูเก็ต,Smartphone,PAY000594,PromptPay,PAID,2026-02-10 13:28:00,True
ORD000595,2026-02-06 15:57:00,C0036,P038,2,12900.0,0.0,25800.0,Web,กรุงเทพมหานคร,Smartphone,PAY000595,Credit Card,REFUNDED,2026-02-06 17:18:00,False
ORD000596,2026-02-12 21:25:00,C0025,P013,2,474.05,0.05,900.6949999999999,Web,ชลบุรี,Smart Home,PAY000596,PromptPay,PAID,2026-02-13 00:02:00,True
ORD000597,2026-02-02 14:46:00,C0091,P022,1,499.0,0.05,474.04999999999995,Marketplace,ชลบุรี,Accessory,PAY000597,Credit Card,PAID,2026-02-02 16:50:00,True
ORD000598,2026-02-13 05:42:00,C0082,P038,1,13545.0,0.0,13545.0,Marketplace,กรุงเทพมหานคร,Smartphone,PAY000598,Bank Transfer,PAID,2026-02-13 07:41:00,True
ORD000599,2026-02-13 09:16:00,C0068,P022,2,523.95,0.0,1047.9,Marketplace,ขอนแก่น,Accessory,PAY000599,PromptPay,REFUNDED,2026-02-13 11:03:00,False
ORD000600,2026-02-22 18:07:00,C0096,P014,2,990.0,0.05,1881.0,Web,กรุงเทพมหานคร,Notebook,PAY000600,Credit Card,PAID,2026-02-22 19:47:00,True
ORD000601,2026-02-03 10:36:00,C0149,P037,2,24605.0,0.0,49210.0,Mobile App,ขอนแก่น,Smart Home,PAY000601,Credit Card,PAID,2026-02-03 12:47:00,True
ORD000602,2026-02-10 17:55:00,C0124,P025,1,24605.0,0.0,24605.0,Mobile App,กรุงเทพมหานคร,Accessory,PAY000602,Credit Card,PAID,2026-02-10 19:16:00,True
ORD000603,2026-02-23 09:04:00,C0048,P027,1,27195.0,0.0,27195.0,Web,กรุงเทพมหานคร,Smartphone,PAY000603,PromptPay,PAID,2026-02-23 09:59:00,True
ORD000604,2026-02-20 19:17:00,C0137,P025,2,25900.0,0.1,46620.0,Web,ภูเก็ต,Accessory,PAY000604,Credit Card,PAID,2026-02-20 21:46:00,True
ORD000605,2026-02-09 09:07:00,C0095,P001,2,269.1,0.05,511.29,Mobile App,ระยอง,Notebook,PAY000605,PromptPay,PAID,2026-02-09 10:44:00,True
ORD000606,2026-02-24 08:24:00,C0132,P039,2,891.0,0.05,1692.8999999999999,Marketplace,ชลบุรี,Notebook,PAY000606,Credit Card,PAID,2026-02-24 11:10:00,True
ORD000607,2026-02-19 00:57:00,C0146,P008,4,523.95,0.05,1991.01,Marketplace,กรุงเทพมหานคร,Accessory,PAY000607,Credit Card,FAILED,2026-02-19 01:41:00,False
ORD000608,2026-02-21 21:51:00,C0082,P035,2,27195.0,0.1,48951.0,Marketplace,กรุงเทพมหานคร,Accessory,PAY000608,PromptPay,PAID,2026-02-22 00:51:00,True
ORD000609,2026-02-09 00:21:00,C0122,P014,4,1039.5,0.0,4158.0,Web,ขอนแก่น,Notebook,PAY000609,PromptPay,PAID,2026-02-09 02:10:00,True
ORD000610,2026-02-17 22:24:00,C0141,P006,1,299.0,0.05,284.05,Mobile App,กรุงเทพมหานคร,Accessory,PAY000610,PromptPay,PAID,2026-02-17 23:24:00,True
ORD000611,2026-02-11 09:32:00,C0063,P035,1,25900.0,0.0,25900.0,Mobile App,ระยอง,Accessory,PAY000611,Bank Transfer,PAID,2026-02-11 10:58:00,True
ORD000612,2026-02-14 05:20:00,C0139,P002,1,1341.0,0.0,1341.0,Marketplace,ระยอง,Smartphone,PAY000612,Bank Transfer,PAID,2026-02-14 06:02:00,True
ORD000613,2026-02-21 20:52:00,C0082,P013,3,449.1,0.0,1347.3000000000002,Marketplace,กรุงเทพมหานคร,Smart Home,PAY000613,Credit Card,PAID,2026-02-21 21:50:00,True
ORD000615,2026-02-27 07:01:00,C0136,P003,4,24605.0,0.05,93499.0,Mobile App,ระยอง,Smartphone,PAY000615,Credit Card,PAID,2026-02-27 08:15:00,True
ORD000616,2026-02-01 10:24:00,C0144,P040,2,3990.0,0.0,7980.0,Marketplace,ภูเก็ต,Accessory,PAY000616,Credit Card,PAID,2026-02-01 10:58:00,True
ORD000617,2026-02-25 15:46:00,C0008,P017,2,891.0,0.1,1603.8,Marketplace,ขอนแก่น,Smartphone,PAY000617,PromptPay,PAID,2026-02-25 17:01:00,True
ORD000618,2026-02-24 20:02:00,C0100,P004,1,1415.5,0.0,1415.5,Marketplace,กรุงเทพมหานคร,Smart Home,PAY000618,Bank Transfer,PAID,2026-02-24 22:35:00,True
ORD000619,2026-02-09 12:09:00,C0126,P012,1,990.0,0.1,891.0,Marketplace,เชียงใหม่,Accessory,PAY000619,Bank Transfer,PAID,2026-02-09 14:23:00,True
ORD000620,2026-02-27 03:47:00,C0020,P003,2,27195.0,0.0,54390.0,Marketplace,ขอนแก่น,Smartphone,PAY000620,PromptPay,PAID,2026-02-27 04:26:00,True
ORD000621,2026-02-17 12:32:00,C0017,P031,2,1341.0,0.1,2413.8,Mobile App,กรุงเทพมหานคร,Smart Home,PAY000621,Bank Transfer,FAILED,2026-02-17 14:25:00,False
ORD000622,2026-02-26 00:13:00,C0100,P001,3,299.0,0.0,897.0,Web,กรุงเทพมหานคร,Notebook,PAY000622,PromptPay,PAID,2026-02-26 03:04:00,True
ORD000623,2026-02-14 06:18:00,C0151,P017,1,940.5,0.0,940.5,Web,ชลบุรี,Smartphone,PAY000623,Bank Transfer,PAID,2026-02-14 09:10:00,True
ORD000624,2026-02-11 05:25:00,C0120,P038,1,11610.0,0.0,11610.0,Web,ขอนแก่น,Smartphone,PAY000624,PromptPay,PAID,2026-02-11 05:37:00,True
ORD000625,2026-02-10 10:36:00,C0065,P026,2,11610.0,0.05,22059.0,Web,ขอนแก่น,Smart Home,PAY000625,PromptPay,PAID,2026-02-10 11:20:00,True
ORD000626,2026-02-17 05:04:00,C0047,P010,3,1039.5,0.05,2962.575,Mobile App,ระยอง,Smart Home,PAY000626,Credit Card,PAID,2026-02-17 06:19:00,True
ORD000627,2026-02-15 14:31:00,C0068,P013,1,474.05,0.1,426.64500000000004,Marketplace,ขอนแก่น,Smart Home,PAY000627,Bank Transfer,PAID,2026-02-15 15:42:00,True
ORD000628,2026-02-13 21:25:00,C0137,P010,3,990.0,0.0,2970.0,Mobile App,ภูเก็ต,Smart Home,PAY000628,Credit Card,PAID,2026-02-13 22:24:00,True
ORD000629,2026-02-10 18:31:00,C0086,P036,2,284.05,0.0,568.1,Mobile App,กรุงเทพมหานคร,Notebook,PAY000629,Bank Transfer,PAID,2026-02-10 20:55:00,True
ORD000630,2026-02-06 04:23:00,C0040,P022,3,499.0,0.0,1497.0,Mobile App,กรุงเทพมหานคร,Accessory,PAY000630,Credit Card,PAID,2026-02-06 04:47:00,True
ORD000631,2026-02-04 11:25:00,C0032,P040,1,3790.5,0.0,3790.5,Mobile App,ระยอง,Accessory,PAY000631,Credit Card,REFUNDED,2026-02-04 11:38:00,False
ORD000632,2026-02-21 11:31:00,C0014,P004,4,1564.5,0.05,5945.099999999999,Marketplace,ขอนแก่น,Smart Home,PAY000632,Credit Card,PAID,2026-02-21 14:12:00,True
ORD000633,2026-02-05 21:07:00,C0130,P014,1,940.5,0.0,940.5,Web,ภูเก็ต,Notebook,PAY000633,PromptPay,PAID,2026-02-05 21:19:00,True
ORD000634,2026-02-12 10:16:00,C0023,P025,3,25900.0,0.05,73815.0,Marketplace,กรุงเทพมหานคร,Accessory,PAY000634,PromptPay,PAID,2026-02-12 11:16:00,True
ORD000635,2026-02-21 15:49:00,C0028,P006,3,313.95,0.0,941.8499999999999,Marketplace,ขอนแก่น,Accessory,PAY000635,Bank Transfer,PAID,2026-02-21 17:58:00,True
ORD000636,2026-02-21 07:26:00,C0071,P013,1,499.0,0.1,449.1,Web,ชลบุรี,Smart Home,PAY000636,Bank Transfer,PAID,2026-02-21 10:21:00,True
ORD000637,2026-02-04 08:39:00,C0041,P015,1,299.0,0.0,299.0,Marketplace,ระยอง,Notebook,PAY000637,Bank Transfer,PAID,2026-02-04 09:15:00,True
ORD000638,2026-02-03 23:38:00,C0012,P012,4,990.0,0.0,3960.0,Mobile App,ขอนแก่น,Accessory,PAY000638,PromptPay,PAID,2026-02-04 01:43:00,True
ORD000639,2026-02-02 17:17:00,C0017,P007,4,27195.0,0.0,108780.0,Web,กรุงเทพมหานคร,Notebook,PAY000639,Credit Card,PAID,2026-02-02 17:30:00,True
ORD000640,2026-02-28 14:41:00,C0027,P002,2,1490.0,0.1,2682.0,Web,กรุงเทพมหานคร,Smartphone,PAY000640,PromptPay,PAID,2026-02-28 17:35:00,True
ORD000641,2026-02-16 20:20:00,C0086,P023,3,269.1,0.0,807.3000000000001,Marketplace,กรุงเทพมหานคร,Accessory,PAY000641,PromptPay,PAID,2026-02-16 21:16:00,True
ORD000642,2026-02-12 09:47:00,C0047,P001,1,269.1,0.05,255.645,Mobile App,ระยอง,Notebook,PAY000642,Credit Card,PAID,2026-02-12 10:21:00,True
ORD000643,2026-02-16 00:40:00,C0087,P026,1,12255.0,0.0,12255.0,Marketplace,กรุงเทพมหานคร,Smart Home,PAY000643,Credit Card,PAID,2026-02-16 00:44:00,True
ORD000644,2026-02-06 08:04:00,C0112,P014,2,990.0,0.1,1782.0,Web,กรุงเทพมหานคร,Notebook,PAY000644,Credit Card,PAID,2026-02-06 10:59:00,True
ORD000645,2026-02-27 00:09:00,C0017,P029,2,3990.0,0.05,7581.0,Web,กรุงเทพมหานคร,Notebook,PAY000645,Bank Transfer,PAID,2026-02-27 02:28:00,True
ORD000646,2026-02-08 12:53:00,C0136,P001,1,269.1,0.0,269.1,Mobile App,ระยอง,Notebook,PAY000646,Bank Transfer,PAID,2026-02-08 13:48:00,True
ORD000647,2026-02-26 20:49:00,C0071,P024,2,313.95,0.05,596.505,Marketplace,ชลบุรี,Accessory,PAY000647,PromptPay,PAID,2026-02-26 23:26:00,True
ORD000648,2026-02-19 14:29:00,C0078,P012,2,990.0,0.0,1980.0,Mobile App,ระยอง,Accessory,PAY000648,Bank Transfer,PAID,2026-02-19 16:30:00,True
ORD000649,2026-02-10 11:21:00,C0090,P001,2,269.1,0.1,484.38000000000005,Web,เชียงใหม่,Notebook,PAY000649,Credit Card,PAID,2026-02-10 12:17:00,True
ORD000650,2026-02-17 19:43:00,C0080,P003,2,25900.0,0.0,51800.0,Mobile App,ขอนแก่น,Smartphone,PAY000650,Bank Transfer,PAID,2026-02-17 21:07:00,True
ORD000651,2026-02-06 13:24:00,C0104,P039,1,940.5,0.1,846.45,Web,ระยอง,Notebook,PAY000651,PromptPay,PAID,2026-02-06 13:31:00,True
ORD000652,2026-02-11 02:58:00,C0034,P008,2,499.0,0.0,998.0,Web,ภูเก็ต,Accessory,PAY000652,Credit Card,PAID,2026-02-11 03:34:00,True
ORD000653,2026-02-18 19:13:00,C0120,P003,3,27195.0,0.0,81585.0,Marketplace,ขอนแก่น,Smartphone,PAY000653,Credit Card,PAID,2026-02-18 21:12:00,True
ORD000654,2026-02-09 04:48:00,C0142,P027,2,25900.0,0.0,51800.0,Web,ชลบุรี,Smartphone,PAY000654,Bank Transfer,FAILED,2026-02-09 06:49:00,False
ORD000655,2026-02-14 06:50:00,C0085,P037,1,25900.0,0.0,25900.0,Web,กรุงเทพมหานคร,Smart Home,PAY000655,Bank Transfer,PAID,2026-02-14 08:20:00,True
ORD000656,2026-02-26 21:00:00,C0007,P011,4,24605.0,0.0,98420.0,Web,กรุงเทพมหานคร,Accessory,PAY000656,Bank Transfer,PAID,2026-02-26 23:17:00,True
ORD000657,2026-02-02 21:06:00,C0064,P033,4,12900.0,0.0,51600.0,Mobile App,ขอนแก่น,Smart Home,PAY000657,PromptPay,PAID,2026-02-02 23:18:00,True
ORD000658,2026-02-18 19:31:00,C0154,P008,3,499.0,0.0,1497.0,Web,เชียงใหม่,Accessory,PAY000658,Bank Transfer,PAID,2026-02-18 19:32:00,True
ORD000660,2026-02-01 21:46:00,C0081,P012,2,891.0,0.0,1782.0,Marketplace,ขอนแก่น,Accessory,PAY000660,PromptPay,PAID,2026-02-01 22:31:00,True
ORD000662,2026-02-18 23:53:00,C0001,P031,2,1415.5,0.1,2547.9,Marketplace,ชลบุรี,Smart Home,PAY000662,Bank Transfer,PAID,2026-02-19 00:05:00,True
ORD000663,2026-02-03 04:45:00,C0098,P020,1,449.1,0.05,426.645,Mobile App,เชียงใหม่,Smart Home,PAY000663,PromptPay,PAID,2026-02-03 07:18:00,True
ORD000664,2026-02-21 00:03:00,C0054,P029,1,4189.5,0.1,3770.55,Marketplace,กรุงเทพมหานคร,Notebook,PAY000664,Bank Transfer,PAID,2026-02-21 01:11:00,True
ORD000665,2026-02-14 14:26:00,C0072,P013,4,474.05,0.1,1706.5800000000002,Mobile App,เชียงใหม่,Smart Home,PAY000665,Bank Transfer,PAID,2026-02-14 15:08:00,True
ORD000666,2026-02-10 02:24:00,C0011,P016,1,1564.5,0.0,1564.5,Marketplace,ชลบุรี,Accessory,PAY000666,Bank Transfer,PAID,2026-02-10 04:56:00,True
ORD000668,2026-02-07 19:17:00,C0056,P030,1,499.0,0.0,499.0,Mobile App,เชียงใหม่,Smartphone,PAY000668,Bank Transfer,PAID,2026-02-07 19:23:00,True
ORD000669,2026-02-27 16:22:00,C0071,P018,1,3591.0,0.0,3591.0,Marketplace,ชลบุรี,Smartphone,PAY000669,PromptPay,PAID,2026-02-27 17:20:00,True
ORD000670,2026-02-21 19:23:00,C0024,P032,1,24605.0,0.0,24605.0,Mobile App,กรุงเทพมหานคร,Notebook,PAY000670,Credit Card,PAID,2026-02-21 21:38:00,True
ORD000671,2026-02-17 10:22:00,C0002,P019,2,3990.0,0.1,7182.0,Marketplace,ชลบุรี,Smartphone,PAY000671,Bank Transfer,PAID,2026-02-17 13:19:00,True
ORD000672,2026-02-13 21:25:00,C0092,P001,1,269.1,0.1,242.19000000000003,Marketplace,กรุงเทพมหานคร,Notebook,PAY000672,PromptPay,PAID,2026-02-14 00:09:00,True
ORD000673,2026-02-25 00:45:00,C0041,P029,1,3990.0,0.0,3990.0,Mobile App,ระยอง,Notebook,PAY000673,PromptPay,PAID,2026-02-25 02:48:00,True
ORD000674,2026-02-09 10:08:00,C0057,P013,3,449.1,0.05,1279.9350000000002,Marketplace,เชียงใหม่,Smart Home,PAY000674,Credit Card,PAID,2026-02-09 12:19:00,True
ORD000675,2026-02-09 12:58:00,C0116,P025,1,25900.0,0.05,24605.0,Web,ระยอง,Accessory,PAY000675,Bank Transfer,PAID,2026-02-09 13:57:00,True
ORD000676,2026-02-15 08:26:00,C0137,P028,2,284.05,0.0,568.1,Marketplace,ภูเก็ต,Smartphone,PAY000676,Bank Transfer,PAID,2026-02-15 08:44:00,True
ORD000677,2026-02-22 18:44:00,C0002,P018,2,3790.5,0.0,7581.0,Marketplace,ชลบุรี,Smartphone,PAY000677,Bank Transfer,PAID,2026-02-22 18:47:00,True
ORD000678,2026-02-13 15:53:00,C0098,P022,1,499.0,0.0,499.0,Marketplace,เชียงใหม่,Accessory,PAY000678,Credit Card,PAID,2026-02-13 18:51:00,True
ORD000679,2026-02-02 07:10:00,C0140,P036,2,269.1,0.0,538.2,Marketplace,ภูเก็ต,Notebook,PAY000679,PromptPay,PAID,2026-02-02 07:29:00,True
ORD000680,2026-02-24 19:32:00,C0096,P003,1,25900.0,0.0,25900.0,Marketplace,กรุงเทพมหานคร,Smartphone,PAY000680,PromptPay,PAID,2026-02-24 21:25:00,True
ORD000681,2026-02-15 05:17:00,C0065,P012,2,990.0,0.05,1881.0,Mobile App,ขอนแก่น,Accessory,PAY000681,Credit Card,REFUNDED,2026-02-15 07:15:00,False
ORD000682,2026-02-09 05:17:00,C0021,P020,4,474.05,0.05,1801.3899999999999,Web,เชียงใหม่,Smart Home,PAY000682,Credit Card,PAID,2026-02-09 07:25:00,True
ORD000683,2026-02-13 15:47:00,C0101,P004,1,1490.0,0.0,1490.0,Marketplace,ภูเก็ต,Smart Home,PAY000683,Credit Card,PAID,2026-02-13 17:36:00,True
ORD000684,2026-02-02 09:17:00,C0106,P002,1,1490.0,0.0,1490.0,Web,ภูเก็ต,Smartphone,PAY000684,Bank Transfer,PAID,2026-02-02 11:30:00,True
ORD000685,2026-02-13 10:36:00,C0092,P010,1,940.5,0.0,940.5,Mobile App,กรุงเทพมหานคร,Smart Home,PAY000685,PromptPay,PAID,2026-02-13 13:32:00,True
ORD000686,2026-02-20 03:36:00,C0121,P026,4,12900.0,0.0,51600.0,Marketplace,กรุงเทพมหานคร,Smart Home,PAY000686,PromptPay,PAID,2026-02-20 04:25:00,True
ORD000687,2026-02-05 06:30:00,C0001,P026,1,13545.0,0.0,13545.0,Web,ชลบุรี,Smart Home,PAY000687,Credit Card,PAID,2026-02-05 06:53:00,True
ORD000688,2026-02-08 15:59:00,C0131,P016,1,1490.0,0.1,1341.0,Marketplace,ระยอง,Accessory,PAY000688,Credit Card,PAID,2026-02-08 16:25:00,True
ORD000689,2026-02-02 18:44:00,C0104,P022,4,449.1,0.0,1796.4,Web,ระยอง,Accessory,PAY000689,Credit Card,PAID,2026-02-02 19:22:00,True
ORD000690,2026-02-21 07:13:00,C0093,P035,2,24605.0,0.0,49210.0,Mobile App,ภูเก็ต,Accessory,PAY000690,Bank Transfer,PAID,2026-02-21 09:01:00,True
ORD000691,2026-02-14 20:23:00,C0152,P022,1,499.0,0.1,449.1,Web,ชลบุรี,Accessory,PAY000691,PromptPay,PAID,2026-02-14 21:02:00,True
ORD000692,2026-02-13 12:15:00,C0124,P008,1,499.0,0.0,499.0,Mobile App,กรุงเทพมหานคร,Accessory,PAY000692,Bank Transfer,PAID,2026-02-13 12:59:00,True
ORD000693,2026-02-16 18:58:00,C0071,P024,2,313.95,0.0,627.9,Marketplace,ชลบุรี,Accessory,PAY000693,Bank Transfer,PAID,2026-02-16 20:43:00,True
ORD000694,2026-02-19 11:27:00,C0102,P025,3,23310.0,0.0,69930.0,Web,ระยอง,Accessory,PAY000694,Bank Transfer,PAID,2026-02-19 14:01:00,True
ORD000695,2026-02-26 01:31:00,C0032,P036,2,284.05,0.0,568.1,Web,ระยอง,Notebook,PAY000695,PromptPay,PAID,2026-02-26 04:05:00,True
ORD000696,2026-02-04 06:18:00,C0134,P016,1,1415.5,0.05,1344.725,Mobile App,ภูเก็ต,Accessory,PAY000696,PromptPay,PAID,2026-02-04 07:21:00,True
ORD000697,2026-02-25 13:43:00,C0031,P030,4,523.95,0.05,1991.01,Web,กรุงเทพมหานคร,Smartphone,PAY000697,Bank Transfer,PAID,2026-02-25 15:42:00,True
ORD000698,2026-02-16 10:04:00,C0089,P024,4,269.1,0.1,968.7600000000001,Web,ชลบุรี,Accessory,PAY000698,Credit Card,PAID,2026-02-16 11:36:00,True
ORD000699,2026-02-22 10:52:00,C0086,P012,3,891.0,0.0,2673.0,Mobile App,กรุงเทพมหานคร,Accessory,PAY000699,Credit Card,PAID,2026-02-22 11:25:00,True
ORD000700,2026-02-22 21:48:00,C0074,P035,4,25900.0,0.0,103600.0,Mobile App,ขอนแก่น,Accessory,PAY000700,Credit Card,FAILED,2026-02-22 23:07:00,False
ORD000701,2026-02-05 17:38:00,C0022,P023,1,269.1,0.05,255.645,Mobile App,กรุงเทพมหานคร,Accessory,PAY000701,Bank Transfer,REFUNDED,2026-02-05 19:44:00,False
ORD000702,2026-02-18 09:00:00,C0045,P027,1,23310.0,0.05,22144.5,Mobile App,เชียงใหม่,Smartphone,PAY000702,Bank Transfer,PAID,2026-02-18 09:33:00,True
ORD000703,2026-02-23 17:10:00,C0128,P007,2,23310.0,0.0,46620.0,Marketplace,ขอนแก่น,Notebook,PAY000703,PromptPay,PAID,2026-02-23 19:02:00,True
ORD000704,2026-02-25 10:21:00,C0056,P029,2,3790.5,0.0,7581.0,Marketplace,เชียงใหม่,Notebook,PAY000704,PromptPay,PAID,2026-02-25 11:15:00,True
ORD000705,2026-02-28 23:21:00,C0124,P031,1,1341.0,0.0,1341.0,Web,กรุงเทพมหานคร,Smart Home,PAY000705,PromptPay,FAILED,2026-02-28 23:55:00,False
ORD000706,2026-02-24 16:43:00,C0122,P015,3,313.95,0.1,847.665,Mobile App,ขอนแก่น,Notebook,PAY000706,Bank Transfer,PAID,2026-02-24 17:19:00,True
ORD000707,2026-02-08 09:26:00,C0048,P032,1,23310.0,0.1,20979.0,Web,กรุงเทพมหานคร,Notebook,PAY000707,PromptPay,PAID,2026-02-08 12:10:00,True
ORD000708,2026-02-02 20:37:00,C0036,P013,4,499.0,0.0,1996.0,Mobile App,กรุงเทพมหานคร,Smart Home,PAY000708,PromptPay,PAID,2026-02-02 22:51:00,True
ORD000709,2026-02-18 10:54:00,C0119,P011,4,24605.0,0.1,88578.0,Web,ขอนแก่น,Accessory,PAY000709,PromptPay,PAID,2026-02-18 11:51:00,True
ORD000710,2026-02-04 05:58:00,C0032,P013,2,523.95,0.0,1047.9,Web,ระยอง,Smart Home,PAY000710,PromptPay,PAID,2026-02-04 07:11:00,True
ORD000711,2026-02-05 05:48:00,C0002,P009,3,313.95,0.0,941.8499999999999,Marketplace,ชลบุรี,Notebook,PAY000711,Credit Card,PAID,2026-02-05 08:36:00,True
ORD000712,2026-02-27 12:33:00,C0081,P029,2,3990.0,0.1,7182.0,Marketplace,ขอนแก่น,Notebook,PAY000712,Bank Transfer,PAID,2026-02-27 14:34:00,True
ORD000713,2026-02-18 09:46:00,C0035,P030,2,499.0,0.1,898.2,Marketplace,ชลบุรี,Smartphone,PAY000713,PromptPay,PAID,2026-02-18 11:38:00,True
ORD000714,2026-02-06 11:29:00,C0084,P020,3,474.05,0.05,1351.0425,Web,กรุงเทพมหานคร,Smart Home,PAY000714,Bank Transfer,FAILED,2026-02-06 12:04:00,False
ORD000715,2026-02-24 12:52:00,C0150,P023,1,313.95,0.0,313.95,Web,เชียงใหม่,Accessory,PAY000715,Credit Card,PAID,2026-02-24 14:54:00,True
ORD000716,2026-02-19 23:59:00,C0050,P001,1,299.0,0.05,284.05,Mobile App,เชียงใหม่,Notebook,PAY000716,Bank Transfer,PAID,2026-02-20 00:10:00,True
ORD000717,2026-02-08 11:06:00,C0115,P032,4,25900.0,0.05,98420.0,Marketplace,ระยอง,Notebook,PAY000717,Bank Transfer,PAID,2026-02-08 12:25:00,True
ORD000718,2026-02-20 02:41:00,C0011,P012,1,940.5,0.0,940.5,Marketplace,ชลบุรี,Accessory,PAY000718,Credit Card,PAID,2026-02-20 04:48:00,True
ORD000719,2026-02-06 13:15:00,C0158,P039,1,940.5,0.0,940.5,Mobile App,เชียงใหม่,Notebook,PAY000719,Bank Transfer,PAID,2026-02-06 15:41:00,True
ORD000720,2026-02-23 23:02:00,C0057,P039,4,940.5,0.0,3762.0,Web,เชียงใหม่,Notebook,PAY000720,Credit Card,PAID,2026-02-24 00:28:00,True
ORD000721,2026-02-09 12:51:00,C0032,P010,3,990.0,0.0,2970.0,Web,ระยอง,Smart Home,PAY000721,Credit Card,PAID,2026-02-09 14:42:00,True
ORD000722,2026-02-04 10:53:00,C0035,P019,1,4189.5,0.0,4189.5,Mobile App,ชลบุรี,Smartphone,PAY000722,Credit Card,PAID,2026-02-04 11:07:00,True
ORD000723,2026-02-16 16:06:00,C0112,P006,2,284.05,0.0,568.1,Mobile App,กรุงเทพมหานคร,Accessory,PAY000723,PromptPay,PAID,2026-02-16 18:26:00,True
ORD000724,2026-02-12 23:57:00,C0043,P018,1,3990.0,0.0,3990.0,Web,ระยอง,Smartphone,PAY000724,Bank Transfer,PAID,2026-02-13 02:17:00,True
ORD000725,2026-02-24 12:26:00,C0078,P020,1,499.0,0.0,499.0,Web,ระยอง,Smart Home,PAY000725,Credit Card,PAID,2026-02-24 12:33:00,True
ORD000726,2026-02-15 13:06:00,C0062,P036,1,313.95,0.0,313.95,Mobile App,ระยอง,Notebook,PAY000726,PromptPay,PAID,2026-02-15 14:11:00,True
ORD000727,2026-02-11 18:43:00,C0024,P003,1,27195.0,0.0,27195.0,Web,กรุงเทพมหานคร,Smartphone,PAY000727,Credit Card,FAILED,2026-02-11 19:45:00,False
ORD000728,2026-02-11 00:52:00,C0111,P010,2,940.5,0.05,1786.9499999999998,Web,ขอนแก่น,Smart Home,PAY000728,Bank Transfer,PAID,2026-02-11 01:12:00,True
ORD000729,2026-02-16 22:43:00,C0064,P040,3,3591.0,0.05,10234.35,Mobile App,ขอนแก่น,Accessory,PAY000729,PromptPay,PAID,2026-02-17 01:19:00,True
ORD000730,2026-02-22 02:03:00,C0042,P010,1,990.0,0.0,990.0,Web,ระยอง,Smart Home,PAY000730,Bank Transfer,PAID,2026-02-22 04:14:00,True
ORD000731,2026-02-20 20:06:00,C0156,P007,1,23310.0,0.0,23310.0,Mobile App,กรุงเทพมหานคร,Notebook,PAY000731,PromptPay,PAID,2026-02-20 21:21:00,True
ORD000732,2026-02-22 09:06:00,C0019,P021,2,25900.0,0.0,51800.0,Mobile App,ระยอง,Smart Home,PAY000732,Credit Card,PAID,2026-02-22 10:46:00,True
ORD000733,2026-02-20 07:18:00,C0030,P022,2,499.0,0.0,998.0,Marketplace,ชลบุรี,Accessory,PAY000733,PromptPay,PAID,2026-02-20 09:18:00,True
ORD000735,2026-02-16 16:19:00,C0092,P032,1,25900.0,0.0,25900.0,Web,กรุงเทพมหานคร,Notebook,PAY000735,Credit Card,PAID,2026-02-16 17:19:00,True
ORD000736,2026-02-27 17:04:00,C0022,P003,1,25900.0,0.1,23310.0,Mobile App,กรุงเทพมหานคร,Smartphone,PAY000736,Bank Transfer,PAID,2026-02-27 18:57:00,True
ORD000737,2026-02-25 13:07:00,C0003,P032,1,25900.0,0.0,25900.0,Web,ขอนแก่น,Notebook,PAY000737,Credit Card,PAID,2026-02-25 13:39:00,True
ORD000738,2026-02-10 06:24:00,C0105,P024,2,313.95,0.05,596.505,Mobile App,ภูเก็ต,Accessory,PAY000738,Bank Transfer,PAID,2026-02-10 07:53:00,True
ORD000739,2026-02-10 10:59:00,C0114,P035,2,27195.0,0.0,54390.0,Marketplace,เชียงใหม่,Accessory,PAY000739,Credit Card,PAID,2026-02-10 13:35:00,True
ORD000740,2026-02-08 18:37:00,C0012,P015,2,284.05,0.05,539.695,Marketplace,ขอนแก่น,Notebook,PAY000740,Bank Transfer,PAID,2026-02-08 18:49:00,True
ORD000741,2026-02-19 02:17:00,C0145,P024,2,313.95,0.0,627.9,Marketplace,ภูเก็ต,Accessory,PAY000741,PromptPay,PAID,2026-02-19 05:03:00,True
ORD000742,2026-02-11 14:38:00,C0079,P033,3,13545.0,0.0,40635.0,Marketplace,ภูเก็ต,Smart Home,PAY000742,Credit Card,REFUNDED,2026-02-11 17:00:00,False
ORD000743,2026-02-14 15:45:00,C0041,P005,1,299.0,0.05,284.05,Marketplace,ระยอง,Smartphone,PAY000743,PromptPay,PAID,2026-02-14 17:19:00,True
ORD000744,2026-02-26 07:55:00,C0148,P026,1,12255.0,0.0,12255.0,Mobile App,เชียงใหม่,Smart Home,PAY000744,PromptPay,PAID,2026-02-26 10:43:00,True
ORD000745,2026-02-13 18:44:00,C0045,P037,2,25900.0,0.0,51800.0,Mobile App,เชียงใหม่,Smart Home,PAY000745,Credit Card,PAID,2026-02-13 20:55:00,True
ORD000746,2026-02-24 06:03:00,C0148,P011,1,27195.0,0.0,27195.0,Marketplace,เชียงใหม่,Accessory,PAY000746,Bank Transfer,PAID,2026-02-24 07:16:00,True
ORD000747,2026-02-25 20:17:00,C0147,P035,4,25900.0,0.05,98420.0,Web,ชลบุรี,Accessory,PAY000747,PromptPay,PAID,2026-02-25 20:28:00,True
ORD000748,2026-02-16 22:38:00,C0150,P003,4,25900.0,0.05,98420.0,Mobile App,เชียงใหม่,Smartphone,PAY000748,Credit Card,PAID,2026-02-17 00:27:00,True
ORD000749,2026-02-27 04:04:00,C0148,P024,2,269.1,0.05,511.29,Marketplace,เชียงใหม่,Accessory,PAY000749,PromptPay,PAID,2026-02-27 06:12:00,True
ORD000750,2026-02-17 15:20:00,C0115,P002,4,1490.0,0.0,5960.0,Web,ระยอง,Smartphone,PAY000750,Credit Card,PAID,2026-02-17 17:50:00,True
